Date,Close,Adj Close,Volume,Open,High,Low
01/11/2023,13.5,0,126700,14.45,14.45,13.5
31/10/2023,14.5,0,105700,14.55,14.7,14.25
30/10/2023,14.95,0,60600,15.1,15.1,14.6
27/10/2023,15,0,54400,15,15,14.75
26/10/2023,14.85,0,194200,15,15.4,14.65
25/10/2023,15.55,0,93100,15.5,15.8,15.35
24/10/2023,15.5,0,40900,15.4,15.5,15.1
23/10/2023,15.4,0,81600,15.45,15.5,15
20/10/2023,15.5,0,260000,14.9,15.5,14.9
19/10/2023,15,0,149300,15.3,15.3,14.95
18/10/2023,15.15,0,214300,15.2,15.4,14.9
17/10/2023,15.3,0,84000,15.7,15.7,15.3
16/10/2023,15.55,0,64200,15.5,15.7,15.45
13/10/2023,15.5,0,183400,15.4,15.7,15.4
12/10/2023,15.6,0,84100,15.9,15.9,15.6
11/10/2023,15.85,0,61200,15.9,15.9,15.7
10/10/2023,15.9,0,168400,15.7,15.9,15.7
09/10/2023,15.65,0,132400,15.7,15.7,15.65
06/10/2023,15.7,0,321000,15.55,16.6,15.45
05/10/2023,15.75,0,67700,15.9,15.95,15.6
04/10/2023,15.9,0,61900,15.1,15.9,15.1
03/10/2023,15.6,0,212200,15.85,15.85,15.5
02/10/2023,15.85,0,163700,16,16.25,15.6
29/09/2023,16.2,0,130500,15.95,16.3,15.7
28/09/2023,16,0,120100,15.7,16,15.4
27/09/2023,15.8,0,185800,15.3,15.8,15.15
26/09/2023,15.25,0,440800,15,15.5,14.85
25/09/2023,15.15,0,354905,15.95,16,15.15
22/09/2023,16.1,0,294300,16.05,16.3,15.8
21/09/2023,16.35,0,265800,16.6,16.7,16.05
20/09/2023,16.45,0,574600,16.35,16.8,16
19/09/2023,16.4,0,163700,16.4,16.45,16
18/09/2023,16.45,0,285400,16.1,16.7,15.8
15/09/2023,16.05,0,111900,16.1,16.15,15.85
14/09/2023,16.1,0,342100,16.2,16.35,15.7
13/09/2023,16.2,0,228400,16.1,16.45,16.1
12/09/2023,16.1,0,351200,16,16.25,15.75
11/09/2023,16,0,462000,17,17,16
08/09/2023,16.8,0,592700,16.2,17.2,16.15
07/09/2023,16.1,0,378300,16.4,16.4,16.05
06/09/2023,16.35,0,237800,16.5,16.5,16.2
05/09/2023,16.55,0,299200,16.5,16.65,16.35
31/08/2023,16.5,0,383600,16.35,16.5,16.1
30/08/2023,16.2,0,309300,16.25,16.5,16
29/08/2023,16.1,0,231600,16.2,16.25,16
28/08/2023,16.25,0,162400,16.3,16.4,15.95
25/08/2023,16.3,0,181000,16,16.5,16
24/08/2023,16.4,0,101700,16.1,16.4,16.05
23/08/2023,16.4,0,380000,15.6,16.6,15.5
22/08/2023,15.6,0,265300,15.5,15.6,15
21/08/2023,15.6,0,289300,15.5,15.75,15.5
18/08/2023,15.75,0,1250400,15.95,16,15.1
17/08/2023,16.2,0,830900,16.95,17.05,16.2
16/08/2023,17.1,0,149000,17,17.25,16.9
15/08/2023,17.1,0,313000,17.3,17.4,16.95
14/08/2023,17.05,0,264900,17.1,17.35,17
11/08/2023,17,0,525700,16.8,17.4,16.5
10/08/2023,16.8,0,469200,17.4,17.45,16.8
09/08/2023,17.45,0,341900,17.25,17.5,17.25
08/08/2023,17.35,0,464300,17.6,17.6,17.2
07/08/2023,17.6,0,319600,17.7,17.7,17.45
04/08/2023,17.7,0,311500,17.9,17.9,17.55
03/08/2023,17.85,0,358400,17.9,17.9,17.6
02/08/2023,17.85,0,533100,18,18,17.3
01/08/2023,17.95,0,472100,18.1,18.4,17.85
31/07/2023,18.1,0,588200,18.25,18.5,17.9
28/07/2023,18.35,0,369100,18.5,18.7,18.15
27/07/2023,18.5,0,728100,19,19.05,18.2
26/07/2023,19,0,364400,19.15,19.2,18.8
25/07/2023,19.15,0,852500,18.5,19.4,18.45
24/07/2023,18.55,0,429300,18.5,18.85,18.4
21/07/2023,18.7,0,296900,18.6,18.7,18.45
20/07/2023,18.45,0,505900,18.5,18.6,18.1
19/07/2023,18.6,0,357500,18.55,18.9,18.45
18/07/2023,18.6,0,557700,19,19.05,18.5
17/07/2023,19,0,639900,19.45,19.45,18.9
14/07/2023,19.25,0,727600,19,19.7,19
13/07/2023,19.1,0,620600,19.1,19.4,18.9
12/07/2023,19.1,0,701500,19.2,19.4,18.6
11/07/2023,19.1,0,848800,19.4,19.5,18.8
10/07/2023,18.9,0,1048600,18.2,18.9,18.2
07/07/2023,17.7,0,264700,17.7,17.85,17.3
06/07/2023,17.7,0,358400,17.6,18,17.5
05/07/2023,17.9,0,447100,18,18.2,17.75
04/07/2023,17.75,0,162900,17.7,17.8,17.55
03/07/2023,17.7,0,281300,17.65,17.7,17.3
30/06/2023,17.25,0,236500,17.5,17.5,17.2
29/06/2023,17.5,0,674000,17.9,18,17.2
28/06/2023,18,0,781900,17.9,18.45,17.9
27/06/2023,18,0,282200,18,18,17.8
26/06/2023,18,0,533600,18,18.2,17.65
23/06/2023,18,0,705600,18.35,18.4,17.85
22/06/2023,18.3,0,620500,18.4,18.4,18
21/06/2023,18.2,0,1410100,17.3,18.4,17.3
20/06/2023,17.35,0,175200,17.4,17.4,17.1
19/06/2023,17.1,0,479500,17.3,17.5,17.05
16/06/2023,17.4,0,618900,17.45,17.8,17.35
15/06/2023,17.35,0,956200,17.1,17.5,17
14/06/2023,17,0,531000,17.6,17.8,17
13/06/2023,17.6,0,660900,17.6,17.9,17
12/06/2023,17.4,0,663700,16.85,17.5,16.85
09/06/2023,16.85,0,822500,16.4,16.9,16.4
08/06/2023,16.5,0,1245600,17.3,17.3,16.5
07/06/2023,17.3,0,764800,17.4,17.7,17
06/06/2023,17.55,0,700200,17.2,17.6,16.85
05/06/2023,17.2,0,1512600,18.2,18.25,17.05
02/06/2023,18.15,0,568900,18.5,18.5,18.1
01/06/2023,18.15,0,565100,18.55,18.6,18.1
31/05/2023,18.5,0,624600,18.35,18.55,18.1
30/05/2023,18.1,0,719400,18.5,18.6,17.95
29/05/2023,18.6,0,1382900,18.25,18.65,17.9
26/05/2023,18.5,0,1115500,18.9,18.9,18.2
25/05/2023,19.25,18.15,1025400,19.4,19.6,18.8
24/05/2023,19.25,18.15,1019400,18.65,19.55,18.65
23/05/2023,18.95,17.87,1328900,19.05,19.2,18.25
22/05/2023,18.95,17.87,2553300,18.95,18.95,18.1
19/05/2023,17.75,16.74,1833900,16.2,17.75,16.2
18/05/2023,16.6,15.65,1210500,15.7,16.6,15.6
17/05/2023,15.7,14.8,431300,15.7,16.1,15.65
16/05/2023,15.7,14.8,456800,16.15,16.15,15.7
15/05/2023,16.1,15.18,1990000,15.2,16.5,15.1
12/05/2023,15.95,15.04,731800,15.1,16.1,15.1
11/05/2023,15.05,14.19,454600,14.75,15.1,14.7
10/05/2023,14.8,13.95,320600,14.65,14.9,14.65
09/05/2023,14.85,14,888700,14.65,14.95,14.6
08/05/2023,14.75,13.91,198800,14.7,14.9,14.7
05/05/2023,14.85,14,370300,14.55,14.95,14.55
04/05/2023,14.7,13.86,149700,14.85,15,14.6
28/04/2023,15.2,14.33,727300,14.6,15.9,14.6
27/04/2023,15.2,14.33,494000,14.5,15.2,14.5
26/04/2023,14.95,14.1,281200,14.45,14.95,14.45
25/04/2023,14.85,14,127400,14.6,14.85,14.55
24/04/2023,14.85,14,98700,14.9,14.9,14.55
21/04/2023,14.85,14,117700,15,15.15,14.85
20/04/2023,15.1,14.24,245200,15,15.2,14.9
19/04/2023,15.2,14.33,328900,14.9,15.2,14.9
18/04/2023,15.05,14.19,224700,14.85,15.1,14.85
17/04/2023,14.9,14.05,263900,14.55,14.95,14.55
14/04/2023,14.8,13.95,212300,14.6,14.8,14.4
13/04/2023,14.65,13.81,149600,14.85,14.85,14.4
12/04/2023,14.85,14,68300,14.85,15,14.7
11/04/2023,14.9,14.05,316000,14.35,15.3,14.3
10/04/2023,15.2,14.33,786300,14.15,15.7,14.15
07/04/2023,15,14.14,800400,14.2,15,13.9
06/04/2023,14.45,13.62,393100,14.2,14.8,14
05/04/2023,14.3,13.48,203000,14.6,14.95,14.3
04/04/2023,14.7,13.86,127400,14.65,15,14.5
03/04/2023,14.8,13.95,140200,15.2,15.4,14.7
31/03/2023,15.2,14.33,126000,15.25,15.8,15.2
30/03/2023,15.8,14.9,268500,16.2,16.2,15.05
29/03/2023,15.15,14.28,236800,14.45,15.25,14.45
28/03/2023,15.05,14.19,242700,14.8,15.2,14.2
27/03/2023,14.8,13.95,164500,14.6,14.8,14
24/03/2023,14.4,13.58,227000,13.75,14.7,13.75
23/03/2023,14.2,13.39,76900,13.9,14.25,13.7
22/03/2023,13.9,13.11,11100,13.85,14,13.85
21/03/2023,14.05,13.25,35700,13.95,14.05,13.8
20/03/2023,14,13.2,44800,14.2,14.3,13.8
17/03/2023,14.2,13.39,114900,13.95,14.7,13.8
16/03/2023,13.8,13.01,30100,13.75,13.9,13.75
15/03/2023,14.05,13.25,145600,13.7,14.1,13.65
14/03/2023,13.7,12.92,145600,13.75,13.85,13.6
13/03/2023,13.7,12.92,389100,13.6,13.75,13.5
10/03/2023,13.65,12.87,129300,13.6,13.65,13.6
09/03/2023,13.65,12.87,65200,13.7,13.7,13.6
08/03/2023,13.6,12.82,75600,13.7,13.7,13.55
07/03/2023,13.6,12.82,24800,13.8,13.8,13.6
06/03/2023,13.7,12.92,194400,13.65,13.75,13.6
03/03/2023,13.75,12.96,55600,13.7,13.9,13.6
02/03/2023,13.85,13.06,23100,13.9,13.9,13.7
01/03/2023,13.85,13.06,47100,13.7,13.9,13.6
28/02/2023,13.95,13.15,50200,13.7,13.95,13.6
27/02/2023,13.75,12.96,33900,13.65,13.9,13.6
24/02/2023,13.95,13.15,47600,13.6,13.95,13.6
23/02/2023,13.7,12.92,133400,13.75,13.75,13.55
22/02/2023,13.75,12.96,37000,13.7,13.75,13.6
21/02/2023,13.8,13.01,74200,13.7,13.9,13.6
20/02/2023,13.7,12.92,74600,13.55,13.7,13.4
17/02/2023,13.55,12.78,33200,13.45,13.8,13.45
16/02/2023,13.7,12.92,15800,13.6,13.8,13.3
15/02/2023,13.6,12.82,38600,13.5,13.6,13.4
14/02/2023,13.45,12.68,18300,13.4,13.7,13.4
13/02/2023,13.6,12.82,52100,13.95,13.95,13.1
10/02/2023,13.7,12.92,22400,13.7,13.75,13.55
09/02/2023,13.7,12.92,57300,13.75,14.05,13.5
08/02/2023,13.9,13.11,25300,14.1,14.1,13.5
07/02/2023,13.8,13.01,50800,13.7,14,13.5
06/02/2023,13.75,12.96,60900,13.8,13.8,13.7
03/02/2023,13.7,12.92,148100,13.85,14.1,13.7
02/02/2023,13.9,13.11,165500,14.2,14.25,13.8
01/02/2023,14.2,13.39,173600,14.7,14.7,14.2
31/01/2023,14.6,13.77,300900,13.9,14.6,13.9
30/01/2023,13.9,13.11,196500,13.6,14,13.6
27/01/2023,13.85,13.06,36900,13.9,14.2,13.8
19/01/2023,13.85,13.06,87800,13.65,14,13.65
18/01/2023,13.75,12.96,56600,13.6,13.9,13.6
17/01/2023,13.75,12.96,72600,13.9,13.9,13.7
16/01/2023,13.85,13.06,32600,13.85,13.95,13.6
13/01/2023,13.85,13.06,33000,13.85,14,13.8
12/01/2023,13.85,13.06,42200,14,14,13.8
11/01/2023,14,13.2,70200,14,14.05,13.95
10/01/2023,14,13.2,41300,13.9,14,13.7
09/01/2023,13.9,13.11,75800,14.2,14.2,13.9
06/01/2023,14,13.2,97300,14,14.35,14
05/01/2023,14,13.2,54400,13.9,14.2,13.9
04/01/2023,13.9,13.11,66600,13.9,14.3,13.9
03/01/2023,13.85,13.06,90800,13.85,14.2,13.85
30/12/2022,14.3,13.48,114800,13.9,14.4,13.5
29/12/2022,14.2,13.39,47500,13.95,14.5,13.95
28/12/2022,14.45,13.62,35900,13.8,14.5,13.8
27/12/2022,14.05,13.25,31200,14.6,14.6,13.65
26/12/2022,14.6,13.77,103800,14.15,14.8,13.9
23/12/2022,14.55,13.72,299000,14.5,14.8,14.5
22/12/2022,14.6,13.77,407200,14.35,14.7,14.35
21/12/2022,14.35,13.53,126900,14.1,14.45,14
20/12/2022,14.2,13.39,183700,14.05,14.5,13.8
19/12/2022,14.1,13.29,176500,14.5,15,14.1
16/12/2022,14.8,13.95,344700,14.3,14.85,14.3
15/12/2022,14.8,13.95,340200,13.5,14.8,13.5
14/12/2022,14.2,13.39,400900,13.7,14.2,13.55
13/12/2022,13.7,12.92,79400,13.25,13.8,13.25
12/12/2022,13.6,12.82,67900,13.7,14,13.3
09/12/2022,13.7,12.92,7800,13.8,13.95,13.7
08/12/2022,13.8,13.01,39100,14.1,14.1,13.75
07/12/2022,13.9,13.11,63500,13.6,14.05,13.6
06/12/2022,13.9,13.11,96200,13.8,14.4,13.75
05/12/2022,14.2,13.39,46800,14.4,14.4,13.8
02/12/2022,14.15,13.34,106700,13.9,14.2,13.55
01/12/2022,13.9,13.11,80700,14.65,14.65,13.9
30/11/2022,14.25,13.44,112100,13.8,14.6,13
29/11/2022,13.85,13.06,79400,14.1,14.3,13.45
28/11/2022,14,13.2,134500,13.55,14.1,13.5
25/11/2022,13.45,12.68,36600,13.25,13.45,13
24/11/2022,12.85,12.12,18600,12.5,13,12.5
23/11/2022,12.95,12.21,23600,13.1,13.45,12.9
22/11/2022,13.25,12.49,30700,13,13.8,13
21/11/2022,13.4,12.63,24000,13.15,13.55,12.85
18/11/2022,13.15,12.4,86300,12.85,13.2,12.5
17/11/2022,12.85,12.12,11300,12.3,12.85,12.3
16/11/2022,12.35,11.64,56800,10.9,12.35,10.8
15/11/2022,11.55,10.89,154700,12,12.1,11.55
14/11/2022,12.4,11.69,66000,12.65,13,12.4
11/11/2022,13.3,12.54,66000,13.1,13.4,12.9
10/11/2022,13.35,12.59,84800,13.4,13.7,12.5
09/11/2022,13.4,12.63,15300,13.45,13.85,13.4
08/11/2022,13.1,12.35,21100,13.05,13.35,12.7
07/11/2022,13.15,12.4,34500,14,14.2,13.15
04/11/2022,14.1,13.29,23200,14.25,14.25,14
03/11/2022,14.6,13.77,27400,14.15,14.6,14.15
02/11/2022,14.6,13.77,7900,14.75,14.75,14.4
01/11/2022,14.65,13.81,164400,14.75,14.75,14.1
31/10/2022,14.75,13.91,80200,14.2,14.8,14
28/10/2022,14.1,13.29,24600,14.15,14.15,13.7
27/10/2022,14,13.2,87500,13.3,14,13.3
26/10/2022,13.25,12.49,6100,13.55,13.55,13
25/10/2022,13.3,12.54,195800,12.95,13.4,12.7
24/10/2022,13,12.26,82000,13.6,13.6,12.7
21/10/2022,13.4,12.63,50400,13.65,13.65,13.2
20/10/2022,13.9,13.11,14200,13.95,14,13.8
19/10/2022,13.95,13.15,24100,13.55,13.95,13.55
18/10/2022,13.65,12.87,18900,13.8,13.8,13.4
17/10/2022,13.5,12.73,11800,13.6,13.65,13.4
14/10/2022,13.6,12.82,35600,13.35,13.6,13.35
13/10/2022,13.4,12.63,27800,13.4,13.5,13.3
12/10/2022,13.45,12.68,104500,12.5,13.5,12.4
11/10/2022,12.75,12.02,45900,13.5,13.5,12.7
10/10/2022,13.25,12.49,52900,13,13.45,12.7
07/10/2022,13.3,12.54,124400,13.9,13.9,13
06/10/2022,13.6,12.82,69900,13.95,13.95,13.6
05/10/2022,13.95,13.15,45500,13.85,14.2,13.85
04/10/2022,13.85,13.06,70400,14.2,14.2,13.75
03/10/2022,14.15,13.34,56900,14.5,14.5,13.85
30/09/2022,14.5,13.67,90400,14.3,14.5,13.85
29/09/2022,14.3,13.48,73600,14.2,15,14.1
28/09/2022,14.25,13.44,75700,14.5,14.5,14.15
27/09/2022,14.65,13.81,31300,14.7,14.7,14.5
26/09/2022,14.8,13.95,198300,14.85,14.85,14.1
23/09/2022,15.15,14.28,841500,15.4,15.4,14.9
22/09/2022,15.15,14.28,57900,14.9,15.15,14.9
21/09/2022,15.1,14.24,55800,15.35,15.35,15
20/09/2022,15.35,14.47,70700,15.1,15.35,14.95
19/09/2022,15.1,14.24,121000,15.25,15.45,14.85
16/09/2022,15.4,14.52,33600,15.35,15.45,15.2
15/09/2022,15.35,14.47,80500,15.4,15.85,15.2
14/09/2022,15.3,14.43,55700,15.25,15.3,15.05
13/09/2022,15.4,14.52,25000,15.55,15.55,15.3
12/09/2022,15.4,14.52,66300,15.5,15.7,15.4
09/09/2022,15.4,14.52,58500,15.5,15.5,15.3
08/09/2022,15.4,14.52,62900,15.3,15.6,15.2
07/09/2022,15.4,14.52,85500,15.9,15.9,15.4
06/09/2022,15.75,14.85,82500,15.95,16.05,15.7
05/09/2022,15.95,15.04,125600,15.9,16.2,15.5
31/08/2022,16,15.09,434300,15.25,16.05,15.25
30/08/2022,15.7,14.8,83200,15.6,15.8,15.35
29/08/2022,15.6,14.71,229400,15.5,16,15.15
26/08/2022,15.75,14.85,606500,15.25,15.95,15.25
25/08/2022,15.25,14.38,198000,15.05,15.3,15.05
24/08/2022,15.2,14.33,223400,14.7,15.2,14.5
23/08/2022,14.55,13.72,36700,14.35,14.7,14.2
22/08/2022,14.6,13.77,61900,14.9,14.9,14.25
19/08/2022,14.55,13.72,52500,15,15,14.55
18/08/2022,14.9,14.05,79800,15.25,15.25,14.7
17/08/2022,15.1,14.24,57900,15.15,15.15,14.85
16/08/2022,14.95,14.1,37700,15,15.3,14.9
15/08/2022,15.2,14.33,120700,15,15.2,14.9
12/08/2022,15,14.14,55300,14.9,15.1,14.7
11/08/2022,15,14.14,170800,14.85,15.2,14.8
10/08/2022,14.75,13.91,97100,14.45,14.85,14.45
09/08/2022,14.5,13.67,59400,14.6,14.85,14.5
08/08/2022,14.8,13.95,46100,14.65,14.8,14.4
05/08/2022,14.65,13.81,28600,14.9,14.9,14.5
04/08/2022,14.8,13.95,24300,14.9,14.9,14.6
03/08/2022,14.75,13.91,29800,14.4,14.95,14.4
02/08/2022,14.8,13.95,54600,14.8,15.2,14.8
01/08/2022,15,14.14,75600,15.05,15.25,14.8
29/07/2022,15,14.14,318500,14.65,15.1,14.6
28/07/2022,14.65,13.81,94000,14,14.65,14
27/07/2022,14.1,13.29,17600,14.35,14.35,14
26/07/2022,14,13.2,32000,13.95,14,13.9
25/07/2022,13.95,13.15,42300,14.4,14.5,13.9
22/07/2022,14.7,13.86,53400,14.6,15.6,14.5
21/07/2022,14.6,13.77,135500,14.35,15,14.35
20/07/2022,14.35,13.53,171600,13.9,14.35,13.8
19/07/2022,13.8,13.01,25200,13.8,13.8,13.6
18/07/2022,13.8,13.01,33200,13.7,13.9,13.5
15/07/2022,13.8,13.01,41500,13.7,13.9,13.7
14/07/2022,13.85,13.06,24000,13.8,13.95,13.75
13/07/2022,13.8,13.01,33500,14,14,13.65
12/07/2022,13.7,12.92,47600,13.6,13.8,13.55
11/07/2022,13.7,12.92,42200,13.65,13.75,13.55
08/07/2022,13.65,12.87,68400,13.65,13.75,13.5
07/07/2022,13.4,12.63,63500,13.05,13.6,13.05
06/07/2022,13.4,12.63,86100,13.5,13.85,13.4
05/07/2022,13.9,13.11,52100,13.9,14,13.7
04/07/2022,13.9,13.11,37800,14.4,14.4,13.9
01/07/2022,14.4,13.58,70100,14.4,14.4,13.9
30/06/2022,14.4,13.58,125800,14.1,14.55,14.1
29/06/2022,14.2,13.39,99800,13.85,14.35,13.85
28/06/2022,14.1,13.29,158400,13.55,14.1,13.35
27/06/2022,13.55,12.78,61400,13.6,13.75,13.4
24/06/2022,13.5,12.73,62600,13.4,13.7,13.3
23/06/2022,13.35,12.59,219900,13,13.5,12.8
22/06/2022,13,12.26,234520,13.05,13.4,12.8
21/06/2022,13.05,12.3,150600,13.35,13.5,13.05
20/06/2022,13.35,12.59,165600,13.65,13.75,12.95
17/06/2022,13.65,12.87,148600,13.65,13.7,13.05
16/06/2022,13.75,12.96,37000,14.2,14.2,13.7
15/06/2022,13.45,12.68,286800,13.7,13.8,12.8
14/06/2022,13.65,12.87,312400,13.35,13.8,13.3
13/06/2022,13.35,12.59,349400,13.5,13.95,13.35
10/06/2022,14.3,13.48,48500,14.5,14.8,14.3
09/06/2022,14.7,13.86,84600,14.6,15,14.6
08/06/2022,15.05,14.19,292300,14.5,15.4,14.5
07/06/2022,14.5,13.67,161100,14.25,14.7,14
06/06/2022,15.55,13.72,140600,15.3,15.6,15
03/06/2022,15.25,13.45,162000,15.2,15.6,15.2
02/06/2022,15.4,13.59,199800,15.25,15.6,15.2
01/06/2022,15.3,13.5,64200,15.7,15.7,15.2
31/05/2022,15.55,13.72,110200,15.45,15.55,15.05
30/05/2022,15.45,13.63,108600,15.35,15.55,15.15
27/05/2022,15.3,13.5,306900,15.3,15.6,15.05
26/05/2022,15.25,13.45,135200,15,15.5,15
25/05/2022,15.2,13.41,97100,14.9,15.2,14.7
24/05/2022,14.7,12.97,109100,14.7,14.7,14
23/05/2022,14.7,12.97,87400,15,15.1,14.2
20/05/2022,14.7,12.97,132500,14.4,14.95,14.3
19/05/2022,14.2,12.53,131700,14,14.55,14
18/05/2022,14.6,12.88,126400,14.9,15.15,14.4
17/05/2022,14.65,12.93,121400,13.5,14.65,13.3
16/05/2022,13.7,12.09,146400,13.35,14.2,13.2
13/05/2022,13.5,11.91,287400,14.15,14.5,13.2
12/05/2022,14.15,12.48,195600,15.1,15.15,14.15
11/05/2022,15.2,13.41,122200,15.25,15.4,15
10/05/2022,15.2,13.41,218700,14.4,15.35,14.4
09/05/2022,14.9,13.15,368800,15.65,15.9,14.9
06/05/2022,16,14.12,139700,16.25,16.55,16
05/05/2022,16.8,14.82,165400,16.7,17,16.25
04/05/2022,16.9,14.91,288200,17.9,17.9,16.65
29/04/2022,17.2,15.18,251300,16.5,17.2,16.1
28/04/2022,16.5,14.56,248800,16.6,16.9,16.1
27/04/2022,15.85,13.98,194700,15.65,15.9,15.2
26/04/2022,15.5,13.68,608100,15.1,15.5,14.55
25/04/2022,15.6,13.76,498600,16.75,17.05,15.6
22/04/2022,16.75,14.78,381100,18,18,16.45
21/04/2022,17.6,15.53,569300,18.05,18.8,17.3
20/04/2022,18.6,16.41,569100,19.2,19.95,18.6
19/04/2022,20,17.65,404800,20.45,20.7,18.9
18/04/2022,20.3,17.91,620700,19.9,20.6,19.7
15/04/2022,20.1,17.73,550100,19,20.9,19
14/04/2022,19.6,17.29,711100,18.2,19.8,18.2
13/04/2022,19.5,17.2,1553300,19.3,19.9,19
12/04/2022,20.4,18,575200,21.7,21.7,20.4
08/04/2022,21.9,19.32,947800,21.3,22.4,20.8
07/04/2022,21.7,19.15,808300,22.2,23.35,21.7
06/04/2022,21.85,19.28,1709300,20.45,21.85,20.45
05/04/2022,20.45,18.04,630000,20.15,20.5,20.1
04/04/2022,20.15,17.78,225500,20.2,20.95,20
01/04/2022,20.1,17.73,661000,19.6,21,19.25
31/03/2022,20.65,18.22,643500,19.9,21.2,19.9
30/03/2022,20.2,17.82,566100,19.2,20.2,19.2
29/03/2022,20.2,17.82,541700,19.2,20.2,18.95
28/03/2022,19.15,16.9,1114800,18.3,19.5,18.3
25/03/2022,18.25,16.1,988200,17.35,18.3,17.35
24/03/2022,17.3,15.26,200700,16.8,17.4,16.5
23/03/2022,16.8,14.82,64700,16.85,16.9,16.7
22/03/2022,16.85,14.87,142100,16.75,17,16.75
21/03/2022,17,15,78600,16.95,17.1,16.7
18/03/2022,17,15,59200,17.15,17.15,16.9
17/03/2022,17.15,15.13,176800,17,17.5,17
16/03/2022,17,15,55500,16.95,17.2,16.8
15/03/2022,17,15,266500,16.15,17.1,16.15
14/03/2022,16.3,14.38,112600,16.55,16.75,15.7
11/03/2022,16.8,14.82,107800,16.8,17.3,16.6
10/03/2022,17,15,118200,17,17.55,16.75
09/03/2022,16.85,14.87,74400,16.6,17.15,16.6
08/03/2022,16.95,14.95,154100,17.35,17.35,16.9
07/03/2022,17.4,15.35,280400,17,17.4,16.85
04/03/2022,17.2,15.18,112000,17.1,17.35,17
03/03/2022,17.3,15.26,278400,16.7,17.55,16.5
02/03/2022,16.75,14.78,159700,16.7,17.15,16.7
01/03/2022,17.15,15.13,235700,17,17.4,16.7
28/02/2022,17.05,15.04,161000,17.25,17.25,16.85
25/02/2022,17.25,15.22,699200,16.25,17.25,16
24/02/2022,16.15,14.25,196400,16.4,16.4,15.5
23/02/2022,16.45,14.51,85600,16.5,16.6,16.35
22/02/2022,16.4,14.47,170400,16,16.5,15.8
21/02/2022,16.2,14.29,180300,15.8,16.7,15.5
18/02/2022,15.65,13.81,52100,15.8,15.8,15.5
17/02/2022,15.7,13.85,19900,15.95,15.95,15.55
16/02/2022,15.85,13.98,76200,15.8,15.85,15.5
15/02/2022,15.6,13.76,35900,15.7,15.7,15.6
14/02/2022,15.7,13.85,64800,15.7,15.85,15.55
11/02/2022,15.8,13.94,45700,15.75,15.9,15.7
10/02/2022,15.85,13.98,59200,15.75,15.95,15.7
09/02/2022,15.85,13.98,33500,15.85,15.85,15.65
08/02/2022,15.85,13.98,20500,15.7,15.95,15.5
07/02/2022,15.85,13.98,26100,16.1,16.1,15.45
28/01/2022,15.45,13.63,56600,14.95,15.6,14.95
27/01/2022,14.95,13.19,53800,14.95,15.4,14.6
26/01/2022,14.7,12.97,39000,15.2,15.2,14.6
25/01/2022,15.2,13.41,51200,15.3,15.8,14.85
24/01/2022,15.3,13.5,44600,15.8,15.8,15
21/01/2022,16,14.12,73700,16,16.1,15.45
20/01/2022,16.05,14.16,122300,15.7,16.15,15.6
19/01/2022,16.2,14.29,68100,17.3,17.3,15.95
18/01/2022,17.65,14.42,188000,17.2,17.65,17
17/01/2022,17.3,14.13,114300,17.5,18,17.1
14/01/2022,18,14.7,175100,18.2,18.2,17.3
13/01/2022,18.3,14.95,162100,17.65,18.3,17.4
12/01/2022,17.65,14.42,91700,18.1,18.1,16.8
11/01/2022,17.55,14.34,121800,17.65,17.7,17.35
10/01/2022,17.7,14.46,102100,18,18,17.5
07/01/2022,17.85,14.58,94400,18,18,17.7
06/01/2022,17.8,14.54,85100,18.15,18.15,17.75
05/01/2022,17.75,14.5,134000,17.65,17.85,17.65
04/01/2022,17.65,14.42,72300,17.4,17.8,17.4
31/12/2021,17.8,14.54,88300,17.5,17.85,17.3
30/12/2021,17.8,14.54,127100,17.65,18,17
29/12/2021,17.65,14.42,101400,17.2,17.9,17.1
28/12/2021,17.3,14.13,96000,16.9,17.55,16.85
27/12/2021,16.95,13.85,365400,17.15,17.15,16.4
24/12/2021,17.05,13.93,328500,17.8,17.8,16.9
23/12/2021,17.65,14.42,291200,18.5,18.5,17.25
22/12/2021,18.5,15.11,135200,19,19.15,18.2
21/12/2021,18.8,15.36,453000,17.6,18.8,17.5
20/12/2021,17.6,14.38,45100,17.75,17.8,17.5
17/12/2021,17.75,14.5,88300,17.7,17.8,17.3
16/12/2021,17.7,14.46,25600,18,18,17.55
15/12/2021,17.65,14.42,106800,17.6,18,17.5
14/12/2021,17.4,14.21,53300,17.9,17.9,17.3
13/12/2021,17.5,14.3,48000,17.5,17.8,17.45
10/12/2021,17.3,14.13,48100,17.3,17.5,17.25
09/12/2021,17.25,14.09,33900,17.2,17.5,17.2
08/12/2021,17.35,14.17,45700,17.8,17.8,17
07/12/2021,17.3,14.13,47200,17.35,17.35,16.9
06/12/2021,17.1,13.97,98400,17.95,18,17.1
03/12/2021,18,14.7,80300,18.4,18.4,17.9
02/12/2021,18.3,14.95,42500,18.4,18.4,18.2
01/12/2021,18.2,14.87,57800,18.2,18.45,18
30/11/2021,18.3,14.95,140400,17.85,18.5,17.7
29/11/2021,17.95,14.66,160800,17.8,18,17.3
26/11/2021,17.9,14.62,155800,18,18.2,17.9
25/11/2021,18.3,14.95,76100,18.55,18.55,18
24/11/2021,18.3,14.95,123200,18.25,18.65,18
23/11/2021,18.2,14.87,178000,17.6,18.2,17.2
22/11/2021,17.65,14.42,280100,18.7,18.7,17.65
19/11/2021,18.95,15.48,193800,19.6,19.75,18.5
18/11/2021,19.6,16.01,170500,19.2,19.6,19
17/11/2021,19.2,15.68,282900,19.25,19.6,19.05
16/11/2021,19.5,15.93,140200,19.5,19.8,19.4
15/11/2021,19.4,15.85,222500,19.8,20.6,19.4
12/11/2021,19.8,16.17,174200,20,20,19.55
11/11/2021,19.7,16.09,167600,19.75,20,19.5
10/11/2021,19.65,16.05,193200,20,20.2,19.65
09/11/2021,19.9,16.26,238500,20.1,21,19.9
08/11/2021,20.2,16.5,184800,20.1,20.7,20
05/11/2021,20.7,16.91,118700,20.7,20.7,20
04/11/2021,20.7,16.91,183400,20,21,19.65
03/11/2021,20,16.34,395000,20.9,20.9,19.7
02/11/2021,19.65,16.05,264400,19.3,19.65,19.2
01/11/2021,19.3,15.77,195400,19.4,19.65,19.1
29/10/2021,19.65,16.05,226400,19.6,19.7,19
28/10/2021,19.5,15.93,194600,19.75,19.75,19.25
27/10/2021,19.75,16.13,339800,18.7,19.8,18.7
26/10/2021,18.7,15.28,174400,18.75,18.75,18.2
25/10/2021,18.75,15.32,129300,18.6,19,18.6
22/10/2021,18.8,15.36,217300,18.9,19.4,18.6
21/10/2021,18.8,15.36,357600,18.25,18.9,18.2
20/10/2021,17.9,14.62,104300,18.3,18.3,17.5
19/10/2021,18.3,14.95,90100,18.5,18.5,18
18/10/2021,18.55,15.15,118800,18.5,18.85,18.4
15/10/2021,18.5,15.11,160400,18.3,18.65,18.3
14/10/2021,18.3,14.95,117000,18.25,18.5,18.25
13/10/2021,18.25,14.91,85200,18,18.25,18
12/10/2021,18.2,14.87,136200,18.15,18.2,16.75
11/10/2021,17.85,14.58,52900,17.9,17.9,17.7
08/10/2021,17.9,14.62,73600,17.9,17.9,17.7
07/10/2021,17.9,14.62,43600,17.8,18.45,17.7
06/10/2021,17.8,14.54,134300,18,18.25,17.5
05/10/2021,17.7,14.46,76900,17.7,18,17.7
04/10/2021,17.7,14.46,88100,17.8,18,17.4
01/10/2021,17.5,14.3,177780,18.1,18.1,17.5
30/09/2021,17.9,14.62,47400,17.55,18.35,17.55
29/09/2021,18,14.7,37400,18,18.35,17.5
28/09/2021,17.9,14.62,177800,16.95,18,16.95
27/09/2021,18,14.7,118900,18.95,18.95,17.75
24/09/2021,19,15.52,266100,19,19.95,18.5
23/09/2021,19,15.52,643100,17.8,19,17.75
22/09/2021,17.8,14.54,124900,17.4,17.8,16.8
21/09/2021,17.4,14.21,190200,16.75,17.5,16.6
20/09/2021,17.6,14.38,325700,17.6,17.9,16.65
17/09/2021,17.6,14.38,249700,17.05,17.8,17.05
16/09/2021,16.9,13.81,281800,16.5,16.9,16
15/09/2021,15.8,12.91,547200,14.8,15.8,14.6
14/09/2021,14.8,12.09,75200,14.85,14.9,14.7
13/09/2021,14.9,12.17,87000,15.3,15.3,14.85
10/09/2021,14.95,12.21,81800,14.9,14.95,14.55
09/09/2021,14.9,12.17,45100,14.95,14.95,14.8
08/09/2021,14.85,12.13,91100,14.95,15,14.6
07/09/2021,14.95,12.21,92000,15.3,15.3,14.95
06/09/2021,15.3,12.5,89300,15.3,15.7,15.25
01/09/2021,15.3,12.5,105900,15.2,15.6,15
31/08/2021,15.3,12.5,106100,15.5,15.5,15
30/08/2021,15.3,12.5,66500,16,16,15.25
27/08/2021,15.25,12.46,77200,15.05,15.55,15.05
26/08/2021,15.05,12.29,80600,15.8,15.8,14.8
25/08/2021,15,12.25,219800,13.8,15,13.8
24/08/2021,14.05,11.48,223000,14.45,15,14
23/08/2021,14.4,11.76,160100,14.8,15.5,14.1
20/08/2021,14.9,12.17,382500,15.55,15.55,14.8
19/08/2021,15.9,12.99,192900,15.5,15.9,15
18/08/2021,15.3,12.5,262200,15,15.45,14.8
17/08/2021,14.55,11.89,698000,13.6,14.55,13.6
16/08/2021,13.6,11.11,80700,13.5,13.65,13.45
13/08/2021,13.65,11.15,55500,13.5,13.7,13.4
12/08/2021,13.65,11.15,57000,13.85,13.85,13.65
11/08/2021,13.8,11.27,156800,14,14,13.5
10/08/2021,13.5,11.03,134400,13.5,13.9,13.3
09/08/2021,13.1,10.7,23300,12.8,13.1,12.8
06/08/2021,13,10.62,5900,12.9,13,12.85
05/08/2021,13.05,10.66,28200,13.2,13.2,12.8
04/08/2021,13.05,10.66,29400,13.3,13.3,13
03/08/2021,13.05,10.66,32300,13.2,13.3,12.9
02/08/2021,13.2,10.78,104600,13,13.2,12.9
30/07/2021,13.1,10.7,52800,12.8,13.2,12.5
29/07/2021,12.5,10.21,15200,12.35,12.8,12.35
28/07/2021,12.8,10.46,10400,12.75,12.8,12.5
27/07/2021,12.7,10.37,1900,12.8,12.9,12.7
26/07/2021,12.75,10.42,600,12.4,12.9,12
23/07/2021,12.6,10.29,11700,12.5,12.75,12.5
22/07/2021,12.8,10.46,4300,12.8,12.9,12.8
21/07/2021,12.7,10.37,12800,12.4,12.9,12.4
20/07/2021,12.8,10.46,6400,12.3,12.8,12.3
19/07/2021,12.9,10.54,5700,13.3,13.3,12.45
16/07/2021,13.35,10.91,4300,13.3,13.4,13
15/07/2021,13.2,10.78,8800,12.9,13.2,12.6
14/07/2021,13,10.62,17200,12.65,13,12.6
13/07/2021,12.6,10.29,13400,12.6,12.6,12.4
12/07/2021,12.65,10.33,33000,13.1,13.1,12.4
09/07/2021,13.3,10.86,4500,13.4,13.4,13.05
08/07/2021,13.5,11.03,2900,13.9,13.9,13
07/07/2021,13.3,10.86,20700,13.3,13.3,12.5
06/07/2021,13.3,10.86,21300,13.4,13.5,13.3
05/07/2021,13.6,11.11,29400,13.7,13.7,13.2
02/07/2021,13.7,11.19,3800,13.85,13.85,13.6
01/07/2021,13.9,11.35,15600,13.7,13.9,13.5
30/06/2021,14,11.44,26000,14,14,13.5
29/06/2021,14,11.44,48400,13.4,14,13.15
28/06/2021,13.6,11.11,84800,14,14,13.55
25/06/2021,13.8,11.27,46400,14,14,13.6
24/06/2021,13.75,11.23,370500,13.8,13.9,13.5
23/06/2021,13.9,11.35,13600,14,14,13.7
22/06/2021,14,11.44,46100,13.9,14.15,13.9
21/06/2021,13.9,11.35,81100,14,14.1,13.75
18/06/2021,14,11.44,26400,14,14,13.8
17/06/2021,14,11.44,26600,14,14,13.9
16/06/2021,14.05,11.48,48300,13.75,14.3,13.75
15/06/2021,14,11.44,27500,14.1,14.4,13.75
14/06/2021,14.05,11.48,90300,14.1,14.4,14
11/06/2021,14,11.44,33400,14.1,14.1,13.75
10/06/2021,14,11.44,20000,14,14.4,14
09/06/2021,14,11.44,93500,13.7,14,13.7
08/06/2021,13.9,11.35,31300,14.1,14.1,13.8
07/06/2021,14.3,11.68,16200,14.55,14.55,14
04/06/2021,14.55,11.89,60800,14.7,14.75,14.5
03/06/2021,14.5,11.84,104700,13.8,14.5,13.8
02/06/2021,13.8,11.27,35200,13.2,13.9,13.2
01/06/2021,13.2,10.78,25500,13.3,13.5,13
31/05/2021,13.7,11.19,12800,13.6,13.75,13.1
28/05/2021,13.8,11.27,39400,13.85,13.85,13
27/05/2021,13.4,10.95,23900,13.55,13.8,13.4
26/05/2021,13.6,11.11,49100,13.9,14.3,13.55
25/05/2021,14.1,11.52,42900,14.5,14.6,13.95
24/05/2021,14.5,11.84,63600,14.2,14.7,14.2
21/05/2021,14.75,11.23,14600,14.75,14.8,14.7
20/05/2021,14.75,11.23,36300,14.8,15,14.7
19/05/2021,14.85,11.31,20600,14.7,14.95,14.6
18/05/2021,14.7,11.19,45700,15,15,14.7
17/05/2021,14.95,11.38,30300,15.1,15.1,14.7
14/05/2021,15.1,11.5,72100,15.3,15.4,14.9
13/05/2021,15,11.42,38400,14.95,15.4,14.8
12/05/2021,14.95,11.38,65400,15,15,14.65
11/05/2021,14.5,11.04,25400,14.35,14.9,14.35
10/05/2021,14.35,10.93,73500,14.6,15,14.2
07/05/2021,15,11.42,19500,14.9,15.2,14.5
06/05/2021,15.35,11.69,19200,15,15.5,14.8
05/05/2021,15.5,11.8,19000,15.35,15.9,15.3
04/05/2021,15.35,11.69,29200,15.3,15.6,15.25
29/04/2021,16.35,12.45,48500,15.6,16.8,15.1
28/04/2021,15.75,11.99,74900,15,15.8,14.5
27/04/2021,14.85,11.31,15300,14.65,15.5,14.5
26/04/2021,14.65,11.16,121500,15.9,15.9,14.55
23/04/2021,15.5,11.8,22600,15.6,15.85,15
22/04/2021,15.6,11.88,56600,15.55,15.6,15.1
20/04/2021,16,12.18,55700,16,16.4,15.5
19/04/2021,15.8,12.03,48400,15.9,16,15.6
16/04/2021,16,12.18,31700,16.1,16.7,15.85
15/04/2021,16.4,12.49,35600,16.9,16.9,16.2
14/04/2021,16.9,12.87,75100,16,16.95,16
13/04/2021,16.25,12.37,152400,16.5,16.5,16
12/04/2021,16.5,12.56,87200,16.5,16.6,16
09/04/2021,16.3,12.41,81400,16.7,16.7,16.2
08/04/2021,16.7,12.72,45700,16.8,17.3,16.6
07/04/2021,16.8,12.79,56800,17.15,17.2,16.5
06/04/2021,16.5,12.56,150400,17.3,17.3,16.5
05/04/2021,17.3,13.17,405800,17,17.6,17
02/04/2021,16.8,12.79,133600,16.6,17.5,16.6
01/04/2021,16.8,12.79,58100,16.9,17.3,16.5
31/03/2021,17.4,13.25,220800,17.45,17.8,16.2
30/03/2021,17.25,13.14,307900,17.25,17.25,17.1
29/03/2021,16.15,12.3,262500,15.8,16.15,15.25
26/03/2021,15.1,11.5,175200,15.5,15.6,14.9
25/03/2021,16,12.18,123000,15.8,16.2,15.8
24/03/2021,16,12.18,152700,15.5,16.5,15.4
23/03/2021,15.7,11.96,499400,15,15.7,14.95
22/03/2021,14.7,11.19,126900,14.95,14.95,14.5
19/03/2021,14.35,10.93,125100,14,14.75,13.85
18/03/2021,13.8,10.51,47800,13.65,14,13.6
17/03/2021,13.8,10.51,54100,13.3,14.1,13.3
16/03/2021,13.6,10.36,26200,14,14,13.55
15/03/2021,14,10.66,40300,13.7,14.35,13.7
12/03/2021,13.8,10.51,52500,14.35,14.35,13.75
11/03/2021,13.85,10.55,60200,14.55,14.55,13.8
10/03/2021,14.2,10.81,10700,14.7,14.8,14.2
09/03/2021,14.3,10.89,87900,14.3,14.8,14.1
08/03/2021,14.1,10.74,174000,13.4,14.1,13.4
05/03/2021,13.2,10.05,20100,13,13.2,13
04/03/2021,13,9.9,25300,13.1,13.2,13
03/03/2021,13.1,9.98,30200,13.2,13.2,13
02/03/2021,13.2,10.05,21900,13.1,13.25,13.1
01/03/2021,13.15,10.01,32300,13.45,13.45,13.1
26/02/2021,13.45,10.24,7500,13.5,13.5,13.2
25/02/2021,13.5,10.28,7900,13.5,14,13.5
24/02/2021,13.5,10.28,700,13.75,13.75,13.5
23/02/2021,13.6,10.36,76300,13.4,13.8,13.2
22/02/2021,13.4,10.2,12400,13.8,13.9,12.75
19/02/2021,13.4,10.2,25600,13.4,13.9,13.4
18/02/2021,13.4,10.2,28500,13.3,13.4,13
17/02/2021,13.4,10.2,42600,13.2,13.55,13.1
09/02/2021,12.95,9.86,11600,12.7,13.05,12.4
08/02/2021,12.7,9.67,8800,13.35,13.35,12.7
05/02/2021,13.35,10.17,3900,13,13.7,13
04/02/2021,13,9.9,7100,13.25,13.25,13
03/02/2021,13.05,9.94,11300,13,13.4,12.95
02/02/2021,13.05,9.94,24000,12.1,13.1,12.1
01/02/2021,12.9,9.82,7300,13,13.5,12.3
29/01/2021,13,9.9,14100,11.5,13.1,11.5
28/01/2021,12.3,9.37,45800,13,13,12.3
27/01/2021,13.2,10.05,28200,14.2,14.2,13.2
26/01/2021,13.5,10.28,23000,13.8,14.2,13.4
25/01/2021,14.2,10.81,27800,13.6,14.3,13.6
22/01/2021,14.35,10.93,12100,14.3,14.45,13.6
21/01/2021,14.5,11.04,38000,13.9,14.5,13.65
20/01/2021,13.9,10.58,54100,13.5,14.1,13.5
19/01/2021,14.3,10.89,28000,15.25,15.25,14.3
18/01/2021,15.35,11.69,78500,14.15,15.4,14.15
15/01/2021,14.9,11.35,31800,14,15,14
14/01/2021,15,11.42,74600,14.75,15,13.8
13/01/2021,14.75,11.23,72700,15.2,15.2,14.75
12/01/2021,14.7,11.19,57600,15,15,14.7
11/01/2021,14.65,11.16,193500,13.75,14.7,13.7
08/01/2021,13.75,10.47,70700,13.55,13.8,12.95
07/01/2021,12.9,9.82,18900,12.8,13.35,12.8
06/01/2021,13.35,10.17,22500,13.75,13.75,12.9
05/01/2021,13.25,10.09,78200,12.4,13.25,12.4
04/01/2021,12.4,9.44,44000,12.5,12.75,12.3
31/12/2020,12.8,9.75,62370,12.5,12.9,12.4
30/12/2020,12.5,9.52,34490,12.6,12.9,12.4
29/12/2020,12.6,9.6,59270,12.6,12.75,12.4
28/12/2020,12.4,9.44,37380,12.4,12.8,12.35
25/12/2020,12.9,9.82,29080,12.5,12.9,12.1
24/12/2020,12.2,9.29,72800,12.8,13.4,12.2
23/12/2020,13,9.9,39260,12.7,13,12.7
22/12/2020,13.1,9.98,15480,13.3,13.3,13.1
21/12/2020,13.4,10.2,16530,13.6,13.6,13.05
18/12/2020,13.4,10.2,31180,13.4,13.45,13
17/12/2020,13.4,10.2,67810,13.6,13.75,13
16/12/2020,13.4,10.2,6210,13.4,13.6,13.2
15/12/2020,13.4,10.2,37230,13.45,13.5,13.2
14/12/2020,13.5,10.28,30200,13.1,13.8,13.1
11/12/2020,13.4,10.2,17020,13.4,13.5,13.1
10/12/2020,13.5,10.28,55340,13.6,13.6,13.1
09/12/2020,13.7,10.43,124600,13.1,13.8,13
08/12/2020,13.4,10.2,140220,13,13.75,13
07/12/2020,13.1,9.98,101470,13.1,13.1,12.05
04/12/2020,12.3,9.37,86110,12.55,12.55,12.1
03/12/2020,12.3,9.37,223840,11.8,12.5,11.8
02/12/2020,11.7,8.91,112880,10.95,11.7,10.6
01/12/2020,10.95,8.34,29900,10.7,10.95,10.6
30/11/2020,10.7,8.15,52910,10.5,11,10.5
26/11/2020,10.7,8.15,5810,10.95,10.95,10.6
25/11/2020,10.95,8.34,5130,10.7,10.95,10.65
24/11/2020,10.8,8.22,4010,10.8,10.8,10.65
23/11/2020,10.8,8.22,42220,10.9,10.9,10.7
20/11/2020,11,8.38,36120,10.8,11,10.6
19/11/2020,10.8,8.22,46580,10.65,10.8,10.55
18/11/2020,10.7,8.15,19270,10.55,10.7,10.55
17/11/2020,10.7,8.15,2180,10.35,10.7,10.35
16/11/2020,10.7,8.15,3020,10.7,10.8,10.4
13/11/2020,10.8,8.22,4020,10.9,10.9,10.6
12/11/2020,10.6,8.07,3290,10.9,10.9,10.5
11/11/2020,10.9,8.3,10150,10.5,10.9,10.5
10/11/2020,11.05,8.41,89950,11.05,11.2,10.45
09/11/2020,11.05,8.41,77450,10.7,11.1,10.7
06/11/2020,10.7,8.15,3560,10.75,10.75,10.35
05/11/2020,10.4,7.92,4300,9.97,10.6,9.97
04/11/2020,9.97,7.59,16130,10.4,10.6,9.97
03/11/2020,10.7,8.15,7010,10.7,10.7,10.6
02/11/2020,10.8,8.22,1500,10.3,10.8,10.3
30/10/2020,10.9,8.3,23250,10.3,10.95,10.3
29/10/2020,10.7,8.15,10160,10.5,10.7,10.3
28/10/2020,10.8,8.22,8280,11,11,10.5
27/10/2020,10.8,8.22,1800,10.9,10.9,10.8
26/10/2020,11,8.38,8800,11,11,10.9
23/10/2020,10.9,8.3,8760,10.5,11,10.5
22/10/2020,10.75,8.19,7720,10.6,10.9,10.6
21/10/2020,10.65,8.11,12570,10.6,10.65,10.4
20/10/2020,10.65,8.11,51830,10.7,10.7,10
19/10/2020,10.7,8.15,10570,10.55,10.9,10.55
16/10/2020,10.9,8.3,19140,10.9,11.2,10.8
15/10/2020,10.9,8.3,9700,11.3,11.3,10.65
14/10/2020,10.95,8.34,13640,10.45,11.35,10.45
13/10/2020,10.9,8.3,13830,10.8,11,10.65
12/10/2020,10.7,8.15,46920,11.5,11.5,10.5
09/10/2020,10.8,8.22,50690,11,11.6,10.7
08/10/2020,10.9,8.3,53420,11.2,11.2,10.8
07/10/2020,11.15,8.49,68770,11.3,11.3,10.9
06/10/2020,11.15,8.49,29990,11.65,11.65,11.15
05/10/2020,11.4,8.68,15390,11.4,11.9,11.3
02/10/2020,11.4,8.68,201250,11.5,11.6,10.95
01/10/2020,10.9,8.3,88080,10.2,10.9,10.2
30/09/2020,10.2,7.77,33690,10.3,10.5,10.2
29/09/2020,10.25,7.81,23410,9.68,10.5,9.68
28/09/2020,10.25,7.81,30670,10.25,10.3,10.05
25/09/2020,10.15,7.73,1520,10.1,10.2,10
24/09/2020,10,7.62,3280,10.1,10.1,10
23/09/2020,10.2,7.77,70350,10.1,10.2,10
22/09/2020,9.9,7.54,16980,10,10.2,9.9
21/09/2020,10.2,7.77,32300,10,10.2,10
18/09/2020,10,7.62,5390,10.05,10.05,9.9
17/09/2020,9.91,7.55,9330,9.9,10,9.9
16/09/2020,9.9,7.54,8170,10,10,9.9
15/09/2020,10,7.62,4130,10,10.1,10
14/09/2020,10,7.62,23630,10,10.15,9.95
11/09/2020,10.1,7.69,5900,10,10.2,9.64
10/09/2020,10.2,7.77,31380,10,10.25,10
09/09/2020,10.3,7.84,2430,10,10.3,10
08/09/2020,10.3,7.84,32380,10.3,10.3,10
07/09/2020,10.3,7.84,1320,10.4,10.4,10.05
04/09/2020,10.3,7.84,7510,10.05,10.5,10
03/09/2020,10.3,7.84,33380,10.05,10.35,10
01/09/2020,10.05,7.65,8940,10,10.2,10
31/08/2020,10.3,7.84,65990,10.4,10.4,10
28/08/2020,10.3,7.84,68410,10.2,10.4,10.1
27/08/2020,10.2,7.77,83830,9.89,10.3,9.8
26/08/2020,9.89,7.53,89020,9.75,9.99,9.65
25/08/2020,9.6,7.31,188810,8.95,9.6,8.8
24/08/2020,9,6.85,89610,8.79,9,8.7
21/08/2020,8.68,6.61,50490,8.65,8.79,8.65
20/08/2020,8.79,6.69,52240,8.71,8.8,8.61
19/08/2020,8.87,6.75,101670,8.65,8.89,8.6
18/08/2020,8.95,6.82,5370,9,9,8.6
17/08/2020,8.6,6.55,19340,8.6,8.89,8.6
14/08/2020,8.7,6.63,31080,9,9,8.7
13/08/2020,8.9,6.78,43160,8.89,8.9,8.7
12/08/2020,8.89,6.77,101540,8.75,8.89,8.52
11/08/2020,8.84,6.73,5790,8.85,8.85,8.7
10/08/2020,8.8,6.7,13090,8.75,8.81,8.7
07/08/2020,8.8,6.7,4930,8.71,8.8,8.71
06/08/2020,8.8,6.7,26740,8.8,8.98,8.7
05/08/2020,9,6.85,298570,8.79,9,8.49
04/08/2020,8.7,6.63,208020,8.74,8.79,8.52
03/08/2020,8.74,6.66,11500,8.6,8.75,8.6
31/07/2020,8.36,6.37,90510,8.95,8.95,8.36
30/07/2020,8.95,6.82,16020,8.99,9,8.6
29/07/2020,8.65,6.59,11850,8.68,8.68,8.5
28/07/2020,8.87,6.75,171310,9.1,9.1,8.7
27/07/2020,8.98,6.84,53450,9.38,9.38,8.73
24/07/2020,9.38,7.14,10580,9.5,9.5,9.1
23/07/2020,9.6,7.31,11920,9.89,9.89,9.3
22/07/2020,9.4,7.16,37530,9.5,9.7,9.4
21/07/2020,9.9,7.54,55900,9.9,9.99,9.4
20/07/2020,9.8,7.46,2850,9.8,9.9,9.55
17/07/2020,9.99,7.61,3470,9.3,9.99,9.3
16/07/2020,9.96,7.58,12480,9.99,9.99,9.79
15/07/2020,9.84,7.49,38410,9.85,9.89,9.6
14/07/2020,9.99,7.61,11490,9.99,9.99,9.45
13/07/2020,9.99,7.61,19520,9.67,9.99,9.29
10/07/2020,9.55,7.27,1410,9.6,9.6,9.45
09/07/2020,9.6,7.31,298280,9.45,9.75,9.45
08/07/2020,9.45,7.2,290,9.4,9.9,9.4
07/07/2020,9.77,7.44,3460,9.8,9.83,9.77
06/07/2020,9.8,7.46,10220,9.4,9.99,9.4
03/07/2020,9.57,7.29,6160,9.5,9.57,9.45
02/07/2020,9.5,7.23,1880,9.8,9.8,9.5
01/07/2020,9.49,7.23,13840,9.49,9.59,9.44
30/06/2020,9.5,7.23,5250,9.5,9.7,9.5
29/06/2020,9.5,7.23,13140,9.4,9.5,9.26
26/06/2020,9.25,7.04,44030,9.55,9.94,9.25
25/06/2020,9.93,7.56,10150,9.71,9.94,9.71
24/06/2020,9.95,7.58,24280,9.83,9.95,9.83
23/06/2020,9.82,7.48,78080,9.81,10.25,9.7
22/06/2020,9.81,7.47,6540,9.94,9.94,9.81
19/06/2020,9.94,7.57,10030,9.7,10.15,9.67
18/06/2020,9.81,7.47,1630,9.95,9.95,9.8
17/06/2020,9.95,7.58,3820,10,10,9.61
16/06/2020,10,7.62,10630,9.55,10.3,9.55
15/06/2020,9.99,7.61,70590,9.91,10.4,9.91
12/06/2020,9.91,7.55,128120,10,10.5,9.77
11/06/2020,10.5,8,44510,10.8,10.95,10.5
10/06/2020,10.7,8.15,11930,10.5,10.95,10.15
09/06/2020,10.9,8.3,39120,10.95,11.1,10.9
08/06/2020,10.7,8.15,285140,10.5,11,10.5
05/06/2020,10.7,8.15,69510,10.35,10.7,10.1
04/06/2020,10.25,7.81,21530,10,10.3,9.95
03/06/2020,10.3,7.84,10410,10.1,10.3,10.1
02/06/2020,10.2,7.77,137830,10.45,10.55,9.7
01/06/2020,10.3,7.84,59070,10.3,10.4,10.25
29/05/2020,10.25,7.81,35420,10.2,10.6,9.72
28/05/2020,10.1,7.69,10480,10.35,10.35,9.7
27/05/2020,10.3,7.84,23720,10.3,10.35,10.2
26/05/2020,10.25,7.81,47090,9.99,10.25,9.6
25/05/2020,9.99,7.61,15720,9.72,10,9.72
22/05/2020,9.72,7.4,6940,9.7,9.93,9.7
21/05/2020,9.9,7.54,11610,9.8,10.3,9.8
20/05/2020,10.1,7.69,24200,10,10.4,9.87
19/05/2020,10.4,7.92,21320,10.6,10.6,9.77
18/05/2020,10.5,8,26400,10.6,10.75,10.05
15/05/2020,11.15,7.81,132990,11,11.3,10.9
14/05/2020,10.95,7.67,74560,10.5,11.05,10.5
13/05/2020,10.5,7.35,136480,10.1,10.55,10.1
12/05/2020,10.1,7.07,73720,10,10.2,9.82
11/05/2020,9.99,6.99,23680,9.99,10,9.86
08/05/2020,9.95,6.97,32380,10,10,9.7
07/05/2020,9.9,6.93,33100,10,10,9.72
06/05/2020,10,7,61100,9.3,10.1,9.3
05/05/2020,9.5,6.65,36700,8.62,9.79,8.62
04/05/2020,9.18,6.43,55920,9.19,9.26,9.18
29/04/2020,9.87,6.91,16970,9.87,10,9.75
28/04/2020,9.87,6.91,11530,9.89,9.89,9.6
27/04/2020,9.6,6.72,8670,10,10,9.5
24/04/2020,9.6,6.72,45300,9.2,9.6,9.15
23/04/2020,9.59,6.71,5730,9.6,9.6,9.22
22/04/2020,9.5,6.65,6850,9.4,9.6,9.35
21/04/2020,9.3,6.51,30350,10,10,9.3
20/04/2020,10,7,62660,9.6,10.15,9.5
17/04/2020,9.74,6.82,22450,9.3,9.79,9.3
16/04/2020,9.3,6.51,6290,9.45,9.45,9.21
15/04/2020,9.28,6.5,14600,9.29,9.3,9.01
14/04/2020,9.2,6.44,14300,9,9.28,9
13/04/2020,9.01,6.31,29690,9.3,9.3,8.99
10/04/2020,9.23,6.46,1070,9.23,9.37,8.72
09/04/2020,9.23,6.46,27590,9.25,9.3,9
08/04/2020,8.94,6.26,30400,9,9,8.7
07/04/2020,8.9,6.23,7540,8.7,9.2,8.7
06/04/2020,8.93,6.25,79940,8.25,8.93,8.25
03/04/2020,8.35,5.85,54010,7.52,8.4,7.52
01/04/2020,7.95,5.57,21400,7.32,7.95,7.3
31/03/2020,7.75,5.43,74620,8,8,7.27
30/03/2020,7.8,5.46,32670,7.89,7.89,7.1
27/03/2020,7.63,5.34,56300,8.35,8.35,7.56
26/03/2020,8.1,5.67,46100,8.3,8.3,7.86
25/03/2020,8.3,5.81,31370,8,8.35,8
24/03/2020,8,5.6,233790,8,8.94,7.85
23/03/2020,8.44,5.91,838670,8.6,8.97,8.36
20/03/2020,8.98,6.29,3830,9.49,9.49,8.53
19/03/2020,8.98,6.29,18890,9.1,9.2,8.98
18/03/2020,9.65,6.76,4160,8.6,9.69,8.6
17/03/2020,9.1,6.37,36540,9.1,9.73,8.82
16/03/2020,9.39,6.57,21670,9.02,9.47,8.87
13/03/2020,9.47,6.63,39100,9.3,9.6,9.12
12/03/2020,9.8,6.86,25290,9.4,10,9.3
11/03/2020,10,7,6100,9.61,10,9.5
10/03/2020,10,7,22780,9.5,10,9.5
09/03/2020,10,7,64700,9.7,10.7,9.7
06/03/2020,10.4,7.28,230,10.6,10.6,10.2
05/03/2020,10.2,7.14,13090,10.5,10.8,10.15
04/03/2020,10.4,7.28,63840,10.1,10.5,10.1
03/03/2020,10.2,7.14,27330,10.3,10.3,9.95
02/03/2020,9.9,6.93,52610,10,10.3,9.8
28/02/2020,10.2,7.14,22280,10.4,10.75,10
27/02/2020,10.05,7.04,23470,10.2,10.4,10.05
26/02/2020,10.3,7.21,30960,10.25,10.5,10
25/02/2020,10.25,7.18,5800,10.4,10.4,10.2
24/02/2020,10.85,7.6,15770,10.35,10.85,10.2
21/02/2020,10.7,7.49,6610,10.95,10.95,10.5
20/02/2020,10.85,7.6,20290,10.8,10.9,10.7
19/02/2020,10.7,7.49,28010,10.95,10.95,10.5
18/02/2020,10.25,7.18,2900,10.25,10.4,10.25
17/02/2020,10.35,7.25,13760,10.5,10.8,10.35
14/02/2020,10.3,7.21,13230,10.3,10.3,10.25
13/02/2020,10.5,7.35,6730,10.5,10.5,10
12/02/2020,10.5,7.35,9000,10.2,10.8,10.2
11/02/2020,10.2,7.14,42590,9.61,10.2,9.61
10/02/2020,9.6,6.72,3890,9.55,9.8,9.55
07/02/2020,9.98,6.99,1020,9.98,9.98,9.9
06/02/2020,9.8,6.86,1490,9.47,10,9.47
05/02/2020,9.52,6.66,13450,9.9,9.9,9.52
04/02/2020,9.9,6.93,4020,10,10,9.7
03/02/2020,9.7,6.79,58410,9.7,10.2,9.49
31/01/2020,10.2,7.14,37880,10.55,10.6,10.1
30/01/2020,10.65,7.46,16830,10.5,10.8,10.05
22/01/2020,10.4,7.28,46990,10.9,10.9,10.3
21/01/2020,10.45,7.32,3190,10.4,10.45,10.3
20/01/2020,10.45,7.32,190,10.2,10.45,10.1
17/01/2020,10.55,7.39,6920,10.2,10.6,10.2
16/01/2020,10.35,7.25,4990,10.9,10.9,10.35
15/01/2020,10.35,7.25,4820,10.5,10.5,10.35
14/01/2020,10.5,7.35,4530,10.6,10.6,10.5
13/01/2020,10.9,7.63,5390,10.4,11.15,10.4
10/01/2020,10.45,7.32,3610,10.5,10.5,10.4
09/01/2020,10.55,7.39,6160,10.35,10.6,10.35
08/01/2020,10.55,7.39,240,10.65,10.65,10.4
07/01/2020,10.65,7.46,14330,10.7,10.9,10.5
06/01/2020,10.7,7.49,40,10.5,10.7,10.5
03/01/2020,10.5,7.35,8550,10.75,10.75,10.45
02/01/2020,10.75,7.53,2020,10.5,10.75,10.5
31/12/2019,10.75,7.53,580,10.7,10.8,10.55
30/12/2019,10.8,7.56,5560,10.5,10.95,10.5
27/12/2019,10.95,7.67,540,11,11,10.95
26/12/2019,11.2,7.84,1940,11.1,11.2,11.1
25/12/2019,11.3,7.91,10960,10.8,11.3,10.5
24/12/2019,10.8,7.56,2580,10.8,10.8,10.5
23/12/2019,10.9,7.63,60,10.9,10.9,10.9
20/12/2019,10.95,7.67,10050,10.9,10.95,10.6
19/12/2019,11,7.7,85790,10.9,11,10.45
18/12/2019,11.15,7.81,1400,10.9,11.15,10.9
17/12/2019,11.2,7.84,2020,11.2,11.2,11
16/12/2019,11.2,7.84,300,11.3,11.3,11
13/12/2019,11,7.7,23240,11.3,11.3,11
12/12/2019,11.1,7.77,9420,10.7,11.3,10.7
11/12/2019,11.2,7.84,66950,11,11.2,11
10/12/2019,11.1,7.77,11660,11.1,11.1,10.9
09/12/2019,11.1,7.77,610,11,11.2,11
06/12/2019,11.3,7.91,3960,10.9,11.3,10.8
05/12/2019,11.2,7.84,2330,10.8,11.2,10.8
04/12/2019,11.3,7.91,10480,10.7,11.3,10.7
03/12/2019,10.8,7.56,6100,10.8,10.8,10.8
02/12/2019,10.85,7.6,2280,10.7,10.85,10.65
29/11/2019,10.85,7.6,21440,10.8,11,10.8
28/11/2019,10.9,7.63,7510,11.2,11.2,10.9
27/11/2019,11.2,7.84,2500,11,11.2,11
26/11/2019,11.3,7.91,9730,11.1,11.3,10.8
25/11/2019,11.3,7.91,830,11,11.45,11
22/11/2019,11,7.7,7820,11,11,10.65
21/11/2019,10.95,7.67,146350,11.3,11.3,10.95
20/11/2019,11.75,8.23,6510,11.6,11.75,11.3
19/11/2019,11.8,8.26,1410,11.6,11.9,11.5
18/11/2019,11.6,8.12,114930,11.5,12,11.5
15/11/2019,11.3,7.91,27160,11.2,11.5,11.2
14/11/2019,11.4,7.98,900,11.4,11.4,11.35
13/11/2019,11.35,7.95,30210,11.95,11.95,11.35
12/11/2019,11.35,7.95,144400,10.65,11.35,10.65
11/11/2019,10.65,7.46,7110,10.6,10.7,10.6
08/11/2019,10.7,7.49,31900,10.8,10.8,10.5
07/11/2019,10.7,7.49,17090,10.7,10.8,10.6
06/11/2019,10.9,7.63,30620,10.65,10.9,10.55
05/11/2019,10.95,7.67,44450,11,11,10.6
04/11/2019,11,7.7,40950,11,11.2,10.65
01/11/2019,11.15,7.81,3210,11.2,11.2,11
31/10/2019,11.15,7.81,37560,11.2,11.2,11
30/10/2019,11.2,7.84,4380,11.1,11.25,11.1
29/10/2019,11.1,7.77,64310,11.3,11.3,11
28/10/2019,11.15,7.81,10020,11.2,11.25,11
25/10/2019,11.15,7.81,2060,11.05,11.15,11.05
24/10/2019,11,7.7,7420,11.2,11.2,11
23/10/2019,11.2,7.84,49900,11.25,11.25,11
22/10/2019,11.3,7.91,14380,11.25,11.35,11.2
21/10/2019,11.3,7.91,38810,11.4,11.4,11.1
18/10/2019,11.4,7.98,3140,11.35,11.4,11.15
17/10/2019,11.4,7.98,13330,11.15,11.4,11.15
16/10/2019,11.2,7.84,23420,11.25,11.25,11
15/10/2019,11.15,7.81,13980,11.35,11.45,10.7
14/10/2019,11.5,8.05,127710,11.3,11.5,11.3
11/10/2019,11.5,8.05,3080,11.3,11.5,11.3
10/10/2019,11.4,7.98,7890,11.5,11.5,11.3
09/10/2019,11.5,8.05,510,11.35,11.5,11.2
08/10/2019,11.55,8.09,60270,11.3,11.55,11.3
07/10/2019,11.3,7.91,29710,11.1,11.4,11.05
04/10/2019,11.2,7.84,7510,11.2,11.2,11.05
03/10/2019,11.2,7.84,3260,11.3,11.3,11
02/10/2019,11.3,7.91,4950,11.3,11.4,11.2
01/10/2019,11.5,8.05,16530,11.4,11.6,11.2
30/09/2019,11.4,7.98,5940,11.4,11.4,11.2
27/09/2019,11.2,7.84,444140,11.5,11.7,11
26/09/2019,11.8,8.26,11190,11.55,11.8,11.4
25/09/2019,11.85,8.3,3330,11.7,11.85,11.4
24/09/2019,12,8.4,3000,11.7,12,11.7
23/09/2019,11.8,8.26,11310,11.8,11.8,11.8
20/09/2019,11.85,8.3,2170,11.8,11.85,11.45
19/09/2019,11.85,8.3,22990,11.9,11.9,11.3
18/09/2019,11.95,8.37,21920,11.9,11.95,11.85
17/09/2019,11.7,8.19,12280,11.7,11.9,11.7
16/09/2019,11.7,8.19,6980,12.3,11.95,11.65
13/09/2019,12,8.4,15610,12.3,12.3,11.65
12/09/2019,11.8,8.26,4380,11.9,11.9,11.8
11/09/2019,11.85,8.3,21420,11.55,11.9,11.5
10/09/2019,11.6,8.12,42520,11.65,12.1,11.55
09/09/2019,11.9,8.33,13540,11.7,12.1,11.7
06/09/2019,12.3,8.61,73170,12.1,12.6,12
05/09/2019,12.6,8.82,11710,12,12.8,12
04/09/2019,12.6,8.82,70920,12.95,12.9,12.2
03/09/2019,12.95,9.07,28870,12.95,13.15,12.8
30/08/2019,12.95,9.07,44500,13,13,12.5
29/08/2019,12.5,8.75,213650,11.5,12.5,11.5
28/08/2019,11.7,8.19,44920,11.45,11.8,11.45
27/08/2019,11.7,8.19,33470,11.5,11.9,11.5
26/08/2019,11.8,8.26,4650,11.8,11.8,11.35
23/08/2019,11.8,8.26,11190,11.5,11.9,11.5
22/08/2019,11.8,8.26,12270,11.25,12,11.25
21/08/2019,11.35,7.95,64480,11.35,11.65,11.3
20/08/2019,11.5,8.05,91660,11.65,11.75,11.2
19/08/2019,11.4,7.98,67700,11.65,11.8,11.4
16/08/2019,11.65,8.16,57360,12.1,12.4,11.6
15/08/2019,12.1,8.47,99110,11.1,12.1,11.1
14/08/2019,11.4,7.98,91370,11.4,11.45,11.05
13/08/2019,11.25,7.88,26060,11.65,11.65,11.2
12/08/2019,11.7,8.19,43090,11.65,11.7,11.1
09/08/2019,11.4,7.98,83840,12,12,11.4
08/08/2019,11.9,8.33,52430,12,12,11.5
07/08/2019,11.85,8.3,64190,12,12.5,11.85
06/08/2019,12.15,8.51,34150,12,12.15,12
05/08/2019,12.15,8.51,26080,12.3,12.5,11.85
02/08/2019,12.5,8.75,25930,12.5,12.5,11.75
01/08/2019,12.55,8.79,24420,12.55,12.55,11.8
31/07/2019,12,8.4,79370,12.1,12.15,11.5
30/07/2019,12.15,8.51,84450,12.8,13,12.1
29/07/2019,13,9.1,36520,12.9,13.2,12.7
26/07/2019,12.9,9.03,20830,12.95,12.95,12.65
25/07/2019,12.95,9.07,51740,12.9,13,12.8
24/07/2019,12.95,9.07,9530,13,13.05,12.7
23/07/2019,13,9.1,16440,13.2,13.2,13
22/07/2019,13.2,9.24,47320,13.2,13.2,13
19/07/2019,13.2,9.24,19530,13.2,13.3,13
18/07/2019,13.2,9.24,112340,13.05,13.8,12.9
17/07/2019,13.2,9.24,4910,13.4,13.4,13.2
16/07/2019,13.4,9.38,9950,13.5,13.5,13.25
15/07/2019,13.5,9.45,41160,13.6,13.5,13.2
12/07/2019,13.4,9.38,95260,13.6,13.6,13.4
11/07/2019,13.6,9.52,42500,13.5,13.7,13.45
10/07/2019,13.5,9.45,22380,13.6,13.7,13.5
09/07/2019,13.7,9.59,18600,13.7,13.7,13.5
08/07/2019,13.65,9.56,16460,13.75,13.8,13.65
05/07/2019,13.75,9.63,10920,13.75,13.75,13.55
04/07/2019,13.8,9.66,59020,13.7,13.8,13.5
03/07/2019,13.65,9.56,91950,13.7,13.7,13.6
02/07/2019,13.55,9.49,47020,13.55,13.8,13.3
01/07/2019,13.85,9.7,7620,13.85,13.9,13.8
28/06/2019,13.8,9.66,6020,13.8,13.9,13.5
27/06/2019,13.9,9.73,31860,13.9,14,13.3
26/06/2019,13.8,9.66,42180,14.2,14.2,13.8
25/06/2019,13.8,9.66,25410,14,14,13.8
24/06/2019,13.8,9.66,4700,14,14,13.8
21/06/2019,14,9.8,17030,14,14,13.95
20/06/2019,13.85,9.7,25380,14.2,14.2,13.85
19/06/2019,14.2,9.94,15640,14.2,14.4,14
18/06/2019,14,9.8,70190,14.2,14.2,13.9
17/06/2019,14.25,9.98,48210,14.05,14.4,13.8
14/06/2019,14.4,10.08,31470,14.4,14.5,14.2
13/06/2019,14.4,10.08,3660,14.3,14.45,14.2
12/06/2019,14.45,10.12,7770,14.5,14.5,14.15
11/06/2019,14.6,10.22,7370,14.25,14.6,14.25
10/06/2019,14.65,10.26,17410,14.5,14.7,14.5
07/06/2019,14.6,10.22,5100,14.7,14.75,14.25
06/06/2019,14.7,10.29,28520,14.1,14.9,14.1
05/06/2019,15.9,10.43,85740,15.2,15.9,15.2
04/06/2019,15.15,9.94,26250,15.2,15.4,15.15
03/06/2019,15.4,10.1,14450,15.35,16,15.25
31/05/2019,15.35,10.07,64060,15.4,15.5,15.35
30/05/2019,15.35,10.07,14730,15.35,15.5,15.25
29/05/2019,15.5,10.17,13090,15.35,15.55,15.2
28/05/2019,15.55,10.2,27020,15.3,15.55,15.1
27/05/2019,15.4,10.1,83000,15.4,15.5,15.1
24/05/2019,15.6,10.23,6690,15.4,15.7,15.4
23/05/2019,15.6,10.23,530,15.55,15.65,15.55
22/05/2019,15.6,10.23,54970,15.6,15.9,15.5
21/05/2019,15.6,10.23,10150,15.7,15.7,15.45
20/05/2019,15.65,10.27,15230,15.7,15.8,15.5
17/05/2019,15.8,10.37,1910,15.8,15.9,15.5
16/05/2019,15.8,10.37,20810,15.9,15.9,15.5
15/05/2019,15.8,10.37,71660,15.5,15.9,15.5
14/05/2019,15.5,10.17,6990,15.4,15.6,15.3
13/05/2019,15.6,10.23,54680,16,16,15.5
10/05/2019,16,10.5,24050,15.5,16,15.4
09/05/2019,15.5,10.17,8590,15.45,15.5,15.2
08/05/2019,15.45,10.14,12320,15.5,15.5,15.3
07/05/2019,15.5,10.17,63040,15.1,15.8,15.1
06/05/2019,15.1,9.91,67290,15.25,15.3,15
03/05/2019,15.2,9.97,42970,15.3,15.7,15.2
02/05/2019,15.3,10.04,130400,15.5,15.6,15.2
26/04/2019,16,10.5,74620,16.1,16.6,15.9
25/04/2019,16.1,10.56,15570,15.9,16.1,15.8
24/04/2019,15.9,10.43,56150,15.85,16.2,15.8
23/04/2019,16.2,10.63,13500,16.25,16.25,16
22/04/2019,16.3,10.69,26680,16.5,16.5,16
19/04/2019,16.15,10.59,17040,16.3,16.3,16
18/04/2019,16.25,10.66,25060,16.25,16.5,16.1
17/04/2019,16.25,10.66,64170,16.05,16.3,16.05
16/04/2019,16.15,10.59,32020,16.45,16.45,16
12/04/2019,16.2,10.63,43520,16.6,16.6,16.2
11/04/2019,16.6,10.89,66460,16.3,16.6,16.3
10/04/2019,16.3,10.69,16400,16.05,16.4,16.05
09/04/2019,16.4,10.76,33940,16.4,16.4,16.15
08/04/2019,16.3,10.69,40820,16.15,16.4,16.15
05/04/2019,16.3,10.69,84920,16.05,16.55,16
04/04/2019,16.35,10.73,20170,16.5,16.5,16.05
03/04/2019,16.4,10.76,40810,16.1,16.4,16.05
02/04/2019,16.4,10.76,241730,16,16.5,16
01/04/2019,16,10.5,103440,16.1,16.5,16
29/03/2019,16.5,10.82,16780,16.5,16.7,16
28/03/2019,16.5,10.82,139500,15.75,16.7,15.75
27/03/2019,16,10.5,32620,15.9,16,15.75
26/03/2019,15.75,10.33,48070,16,16,15.6
25/03/2019,15.9,10.43,113830,15.6,15.9,15.6
22/03/2019,15.75,10.33,6920,15.9,15.9,15.65
21/03/2019,15.75,10.33,67670,15.8,16.05,15.6
20/03/2019,15.65,10.27,48630,15.6,15.9,15.55
19/03/2019,15.65,10.27,33610,16,16,15.6
18/03/2019,15.7,10.3,108480,15.8,16,15.7
15/03/2019,16,10.5,27230,15.8,16,15.8
14/03/2019,15.9,10.43,22010,15.8,16,15.7
13/03/2019,15.8,10.37,315320,16,16.1,15.7
12/03/2019,16,10.5,102820,15.8,16.05,15.7
11/03/2019,15.8,10.37,63120,16,16,15.55
08/03/2019,16,10.5,71240,16.3,16.3,15.85
07/03/2019,16.35,10.73,82120,16.65,16.9,16.35
06/03/2019,16.7,10.96,69750,16.7,16.8,16.3
05/03/2019,16.7,10.96,196180,16.6,17.3,16.35
04/03/2019,16.7,10.96,251590,16.2,16.8,15.9
01/03/2019,16.2,10.63,59110,15.9,16.2,15.9
28/02/2019,15.9,10.43,115170,15.9,16.25,15.7
27/02/2019,15.7,10.3,121640,15.4,15.8,15.4
26/02/2019,15.4,10.1,59870,15.35,15.6,15.3
25/02/2019,15.35,10.07,59190,15.6,15.6,15.35
22/02/2019,15.4,10.1,36070,15.4,15.55,15.35
21/02/2019,15.5,10.17,56610,15.5,15.6,15.4
20/02/2019,15.5,10.17,41740,15.45,15.6,15.4
19/02/2019,15.45,10.14,100540,15.6,15.85,15.4
18/02/2019,15.8,10.37,13760,15.7,16.2,15.7
15/02/2019,15.8,10.37,69670,16,16,15.6
14/02/2019,16,10.5,49890,15.5,16.2,15.5
13/02/2019,15.7,10.3,53540,15.6,15.7,15.5
12/02/2019,15.7,10.3,66110,15.8,15.85,15.5
11/02/2019,15.75,10.33,22150,15.6,15.75,15.35
01/02/2019,15.3,10.04,66670,15.3,15.5,15.1
31/01/2019,15.4,10.1,72810,15.65,15.65,15.25
30/01/2019,15.65,10.27,39230,16,16,15.6
29/01/2019,15.65,10.27,22070,15.7,15.9,15.5
28/01/2019,15.7,10.3,33030,16,16,15.6
25/01/2019,15.85,10.4,54940,16.25,16.25,15.85
24/01/2019,16.25,10.66,58030,16.3,16.3,16.15
23/01/2019,16.15,10.59,19160,16.15,16.5,16.15
22/01/2019,16.35,10.73,100350,16.3,16.8,16.2
21/01/2019,16.05,10.53,46710,16.15,16.25,16.05
18/01/2019,16,10.5,25300,16.3,16.45,16
17/01/2019,16.3,10.69,23410,16.5,16.5,16.1
16/01/2019,16.5,10.82,38360,16.5,16.7,16.25
15/01/2019,16.7,10.96,95300,16.35,17,16.35
14/01/2019,16.35,10.73,253320,15.6,16.4,15.55
11/01/2019,15.65,10.27,45640,15.6,15.65,15.4
10/01/2019,15.6,10.23,20110,15.95,15.95,15.6
09/01/2019,15.7,10.3,42760,15.6,16,15.5
08/01/2019,15.5,10.17,27930,15.6,15.6,15.45
07/01/2019,15.5,10.17,9000,15.5,15.75,15.5
04/01/2019,15.5,10.17,47880,15.35,15.6,15.1
03/01/2019,15.35,10.07,66110,15.65,15.65,15.1
02/01/2019,15.45,10.14,23560,15.45,15.7,15.4
28/12/2018,15.45,10.14,61760,15.8,15.8,15.4
27/12/2018,15.5,10.17,41330,15.6,15.8,15.5
26/12/2018,15.4,10.1,53640,15.45,15.7,15.3
25/12/2018,15.4,10.1,136880,15.5,15.5,15.1
24/12/2018,15.75,10.33,92140,15.55,16,15.55
21/12/2018,15.6,10.23,64020,15.6,15.75,15.5
20/12/2018,15.7,10.3,86410,15.9,15.9,15.5
19/12/2018,15.75,10.33,94490,16.2,16.2,15.7
18/12/2018,15.9,10.43,127420,15.9,16.35,15.5
17/12/2018,15.9,10.43,115060,17.05,17.2,15.9
14/12/2018,17.05,11.19,70490,17.35,17.45,17
13/12/2018,17.2,11.28,166290,17.5,17.5,16.7
12/12/2018,17.35,11.38,58490,17.3,17.6,17.2
11/12/2018,17.2,11.28,145600,17.7,17.7,17.2
10/12/2018,17.7,11.61,222220,17.8,17.9,17.5
07/12/2018,17.9,11.74,294830,18,18.2,17.7
06/12/2018,17.7,11.61,477800,18.2,18.45,17.7
05/12/2018,18.2,11.94,397350,17.6,18.45,17.6
04/12/2018,17.9,11.74,209150,17.3,17.9,17.3
03/12/2018,17.3,11.35,200870,17.4,17.85,17.3
30/11/2018,17.35,11.38,58080,17.7,17.7,17.35
29/11/2018,17.4,11.41,205850,17.9,17.9,17.4
28/11/2018,17.8,11.68,189010,17.8,18.1,17.4
27/11/2018,17.8,11.68,256370,17.6,18.3,17.4
26/11/2018,17.6,11.55,150670,17.2,17.7,16.8
23/11/2018,17.05,11.19,181520,18,18,17.05
22/11/2018,18,11.81,168230,18.45,18.45,17.9
21/11/2018,18,11.81,225570,17.2,18.15,17.2
20/11/2018,17.55,11.51,91850,17.3,17.55,17.1
19/11/2018,17.45,11.45,102420,17.75,17.75,17.3
16/11/2018,17.35,11.38,216160,17.5,17.8,17.2
15/11/2018,17.5,11.48,103440,17.4,18,17.4
14/11/2018,17.4,11.41,304640,17.7,18,17.4
13/11/2018,17.4,11.41,430370,16.3,17.4,16.3
12/11/2018,16.3,10.69,44660,16.3,16.45,16.15
09/11/2018,16.3,10.69,59460,16.3,16.35,16.2
08/11/2018,16.25,10.66,133020,16.2,17,16.2
07/11/2018,16.2,10.63,42000,16.3,16.35,16.1
06/11/2018,16.3,10.69,94210,16.35,16.5,16.15
05/11/2018,16,10.5,56940,16.4,16.4,16
02/11/2018,16,10.5,71420,15.65,16.6,15.65
01/11/2018,15.65,10.27,70910,16,16,15.65
31/10/2018,15.6,10.23,82340,15.1,15.6,15.1
30/10/2018,14.6,9.58,30050,14.5,14.85,14.4
29/10/2018,15,9.84,8140,15.25,15.25,14.4
26/10/2018,14.7,9.64,47280,15,15,14.5
25/10/2018,14.5,9.51,69500,14.9,14.9,14.3
24/10/2018,15,9.84,78770,15.6,15.6,15
23/10/2018,15.3,10.04,63240,15.5,15.7,15.3
22/10/2018,15.5,10.17,58220,15.7,15.9,15.5
19/10/2018,15.7,10.3,39220,15.8,15.9,15.6
18/10/2018,16,10.5,51770,15.85,16.2,15.1
17/10/2018,16,10.5,51190,16,16.3,16
16/10/2018,16.15,10.59,64070,15.7,16.3,15.7
15/10/2018,16,10.5,14800,16.5,16.5,16
12/10/2018,16.2,10.63,45830,15.2,16.2,15.2
11/10/2018,15.7,10.3,144290,15.7,16.1,15.7
10/10/2018,16.6,10.89,84410,16.5,16.65,16.2
09/10/2018,16.4,10.76,31740,16.25,16.4,16.15
08/10/2018,16.3,10.69,5290,16.4,16.4,16.15
05/10/2018,16.2,10.63,23170,16.2,16.6,16.2
04/10/2018,16.5,10.82,62660,16.25,16.65,16.2
03/10/2018,16.2,10.63,32530,16,16.25,16
02/10/2018,16,10.5,271880,16.3,16.4,15.9
01/10/2018,16.4,10.76,283490,16.85,16.85,15.65
28/09/2018,16.7,10.96,59560,16.8,16.9,16.5
27/09/2018,16.7,10.96,68360,17,17,16.7
26/09/2018,16.8,11.02,247180,16.4,17.2,16.4
25/09/2018,16.45,10.79,56430,16.45,16.6,16.3
24/09/2018,16.6,10.89,93450,16.2,16.6,16.2
21/09/2018,16.2,10.63,115620,16.1,16.6,16.1
20/09/2018,16.75,10.99,78520,17,17,16.35
19/09/2018,16.85,11.05,145920,16.6,17.15,16.6
18/09/2018,16.45,10.79,191730,15.9,16.6,15.75
17/09/2018,15.85,10.4,27990,15.9,16.1,15.85
14/09/2018,16.05,10.53,58900,16.05,16.25,16.05
13/09/2018,16.25,10.66,51320,16.6,16.6,16.15
12/09/2018,16.25,10.66,133510,16,16.5,15.9
11/09/2018,16,10.5,67500,15.7,16,15.7
10/09/2018,15.8,10.37,50660,15.8,15.85,15.6
07/09/2018,15.6,10.23,36510,15.9,15.9,15.55
06/09/2018,15.7,10.3,26620,15.6,15.8,15.55
05/09/2018,15.55,10.2,65310,15.5,16,15.5
04/09/2018,15.45,10.14,67030,15.45,15.7,15.45
31/08/2018,15.45,10.14,19690,15.6,15.6,15.45
30/08/2018,15.45,10.14,23850,15.7,15.7,15.4
29/08/2018,15.5,10.17,30540,15.75,15.75,15.5
28/08/2018,15.7,10.3,58510,15.7,15.7,15.5
27/08/2018,15.7,10.3,46430,15.7,15.75,15.5
24/08/2018,15.7,10.3,15960,15.6,15.7,15.5
23/08/2018,15.7,10.3,23380,15.75,15.8,15.6
22/08/2018,15.7,10.3,95190,15.7,15.8,15.5
21/08/2018,15.6,10.23,30050,15.7,15.7,15.5
20/08/2018,15.6,10.23,39120,15.6,15.7,15.5
17/08/2018,15.45,10.14,9280,15.55,15.55,15.4
16/08/2018,15.45,10.14,104190,15.4,15.5,15.2
15/08/2018,15.45,10.14,61930,15.45,15.8,15.45
14/08/2018,15.5,10.17,79820,15.7,15.7,15.5
13/08/2018,15.7,10.3,54790,15.5,15.8,15.45
10/08/2018,15.5,10.17,308590,15.7,15.8,15.4
09/08/2018,15.5,10.17,54960,15.7,15.8,15.5
08/08/2018,15.6,10.23,27990,15.7,15.75,15.5
07/08/2018,15.7,10.3,45200,15.85,15.85,15.5
06/08/2018,15.6,10.23,47270,15.6,15.8,15.45
03/08/2018,15.6,10.23,98220,15.6,16,15.5
02/08/2018,15.6,10.23,59090,16,16,15.6
01/08/2018,16,10.5,38650,16,16.05,15.75
31/07/2018,15.85,10.4,205160,16.1,16.3,15.7
30/07/2018,16.5,10.82,48180,16.4,16.5,16.1
27/07/2018,16.3,10.69,26960,16.2,16.9,16.2
26/07/2018,16.4,10.76,39990,16.7,16.7,16.2
25/07/2018,16.7,10.96,69130,17,17.4,16.65
24/07/2018,17,11.15,224300,16.2,17.4,15.9
23/07/2018,16.3,10.69,50300,16.3,16.5,16
20/07/2018,16.4,10.76,49100,16.3,16.7,16.3
19/07/2018,16.4,10.76,76980,15.95,16.5,15.95
18/07/2018,15.95,10.46,132300,15.5,16,15.3
17/07/2018,15.6,10.23,47060,15.7,15.8,15
16/07/2018,15.8,10.37,18850,15.8,16.1,15.6
13/07/2018,16,10.5,32420,15.9,16.2,15.6
12/07/2018,15.85,10.4,17860,15.85,15.85,15.4
11/07/2018,15.65,10.27,42430,15.6,15.8,15.3
10/07/2018,15.8,10.37,47260,16,16,15.65
09/07/2018,16,10.5,34390,15.6,16.1,15.6
06/07/2018,16,10.5,93870,16.05,16.1,15.5
05/07/2018,15.9,10.43,50610,16.1,16.3,15.65
04/07/2018,16.1,10.56,31910,15.4,16.25,15.4
03/07/2018,15.9,10.43,175090,16.2,16.4,15.85
02/07/2018,16.35,10.73,41720,16.4,16.5,16
29/06/2018,16.5,10.82,26910,16.6,16.6,16.4
28/06/2018,16.6,10.89,46430,16.5,16.65,16.35
27/06/2018,16.5,10.82,46890,16.8,16.8,16.4
26/06/2018,16.8,11.02,72420,16.6,16.8,16.35
25/06/2018,16.55,10.86,43610,16.35,16.7,16.35
22/06/2018,16.35,10.73,98050,16.2,16.9,16.2
21/06/2018,16.6,10.89,16890,17.1,17.1,16.4
20/06/2018,16.8,11.02,34060,17.4,17.4,16.4
19/06/2018,16.9,11.09,128820,17.1,17.1,16.05
18/06/2018,17.1,11.22,120230,17.85,17.85,17.1
15/06/2018,17.9,11.74,64110,18,18,17.3
14/06/2018,18.1,11.87,80690,18.15,18.2,17.9
13/06/2018,18.15,11.91,56520,18.25,18.25,17.85
12/06/2018,18.25,11.97,196590,17.8,18.3,17.8
11/06/2018,17.8,11.68,246500,18,18.65,17.7
08/06/2018,18.35,12.04,503910,17.6,18.75,17.5
07/06/2018,17.8,11.68,159690,17.4,17.8,17.3
06/06/2018,17.15,11.25,189350,16.25,17.15,16.25
05/06/2018,16.05,10.53,88460,16.3,16.3,16.05
04/06/2018,16.3,10.69,113150,16.1,16.6,16
01/06/2018,16.1,10.56,132130,16.5,16.6,16.1
31/05/2018,16.4,10.76,38500,16.45,16.45,16.1
30/05/2018,16.2,10.63,72520,16,16.4,15.5
29/05/2018,16,10.5,181400,16,16.45,15.35
28/05/2018,16,10.5,228170,17.2,17.2,16
25/05/2018,17.2,11.28,58190,17.2,17.4,16.9
24/05/2018,17.2,11.28,84380,17.4,17.6,17.1
23/05/2018,17.2,11.28,31860,17.5,17.5,16.9
22/05/2018,17.1,11.22,114100,17.55,17.55,16.8
21/05/2018,17.55,11.51,32660,17.5,17.65,17.4
18/05/2018,17.5,11.48,124690,17.85,17.85,17.2
17/05/2018,17.15,11.25,114060,17.75,17.75,17.15
16/05/2018,17.5,11.48,103700,17.8,17.9,17.1
15/05/2018,17.8,11.68,67330,17.6,18.25,17.6
14/05/2018,17.9,11.74,94850,17.3,18,17.3
11/05/2018,17.3,11.35,116460,17.35,17.6,17.1
10/05/2018,17.4,11.41,65940,17.4,17.7,17.3
09/05/2018,17.4,11.41,83210,17.9,18.15,17.4
08/05/2018,18.6,11.55,178980,18.95,18.95,18.5
07/05/2018,19,11.79,79270,19.4,19.4,18.8
04/05/2018,19.1,11.86,203530,19.45,19.45,18.9
03/05/2018,18.95,11.76,303050,17.8,18.95,17.8
02/05/2018,17.75,11.02,209380,17.75,18.4,17.7
27/04/2018,17.7,10.99,196730,17.5,18.4,17.35
26/04/2018,17.6,10.92,197550,18.5,18.85,17.6
24/04/2018,18.45,11.45,155970,18.6,18.9,18.1
23/04/2018,18.4,11.42,349520,18.4,19,18.35
20/04/2018,17.95,11.14,156710,18.2,18.2,17.55
19/04/2018,17.45,10.83,101480,17.5,17.7,17.15
18/04/2018,17.45,10.83,56720,17.85,17.85,17.45
17/04/2018,17.85,11.08,79940,17.8,18.1,17.7
16/04/2018,17.85,11.08,100370,17.05,17.85,17.05
13/04/2018,17.4,10.8,55480,17.2,17.5,17.2
12/04/2018,17.2,10.68,73330,17.5,17.5,17.2
11/04/2018,17.2,10.68,102000,17.75,17.9,16.8
10/04/2018,17.75,11.02,83170,17.8,18,17.35
09/04/2018,17.8,11.05,67290,18,18,17.5
06/04/2018,18.1,11.24,98010,18.3,18.5,17.9
05/04/2018,18.3,11.36,326530,17.65,18.4,17.4
04/04/2018,17.5,10.86,159780,17.3,17.65,17.2
03/04/2018,17.2,10.68,61460,17.25,17.25,16.9
02/04/2018,17.2,10.68,41890,17.3,17.3,17.1
30/03/2018,17.1,10.61,35330,17,17.1,16.8
29/03/2018,17,10.55,58930,17.6,17.6,17
28/03/2018,17.25,10.71,167880,17.05,17.6,16.9
27/03/2018,16.85,10.46,95250,17,17.25,16.85
26/03/2018,16.8,10.43,67920,17.5,17.6,16.7
23/03/2018,17.2,10.68,75270,16.8,17.3,16.8
22/03/2018,17.3,10.74,173130,16.6,17.6,16.6
21/03/2018,17,10.55,369130,17.3,17.6,16.75
20/03/2018,17.25,10.71,106970,17.8,17.8,17.2
19/03/2018,17.65,10.96,842420,17.9,18,17.5
16/03/2018,17.9,11.11,69800,17.9,18,17.5
15/03/2018,17.9,11.11,13950,18.1,18.1,17.6
14/03/2018,17.9,11.11,52300,18.2,18.2,17.9
13/03/2018,17.9,11.11,40290,17.7,17.9,17.7
12/03/2018,17.8,11.05,97090,17.8,17.9,17.4
09/03/2018,17.5,10.86,66560,18,18.2,17.5
08/03/2018,17.85,11.08,127620,18,18,17
07/03/2018,18,11.17,120160,18.3,18.4,17.9
06/03/2018,18.3,11.36,86090,18.4,18.45,18
05/03/2018,18.05,11.2,428110,17.2,18.4,17.2
02/03/2018,17.2,10.68,95470,16.8,17.4,16.8
01/03/2018,16.7,10.37,81720,17.05,17.05,16.7
28/02/2018,17.05,10.58,185880,17,17.5,17
27/02/2018,17.1,10.61,94190,17.35,17.6,17.1
26/02/2018,17.35,10.77,81940,17.5,17.5,17.25
23/02/2018,17.5,10.86,65320,17.35,17.5,17
22/02/2018,17.3,10.74,89110,17.5,17.8,17.2
21/02/2018,17.55,10.89,280050,17.4,17.8,17.2
13/02/2018,17.2,10.68,31390,17.6,17.6,17
12/02/2018,17,10.55,86830,17.3,17.6,16.8
09/02/2018,16.8,10.43,86930,16.4,16.9,16.3
08/02/2018,17.15,10.65,197960,16.2,17.3,16.2
07/02/2018,16.2,10.06,236530,16,16.45,16
06/02/2018,15.5,9.62,357910,15.5,15.5,15
05/02/2018,16.1,9.99,273110,16.55,16.6,16
02/02/2018,16.55,10.27,178750,16.75,16.85,16.55
01/02/2018,16.75,10.4,201610,16.75,16.95,16.5
31/01/2018,16.75,10.4,451540,17.05,17.4,16.5
30/01/2018,17.3,10.74,306220,17.4,17.6,16.9
29/01/2018,17.8,11.05,181710,18.2,18.35,17.7
26/01/2018,18.2,11.3,361040,18.25,18.35,17.9
25/01/2018,18.25,11.33,548320,18.6,18.6,18.15
22/01/2018,18.2,11.3,194050,19,19,18.1
19/01/2018,18.9,11.73,258790,18.85,19.2,18.85
18/01/2018,18.85,11.7,322050,18.25,18.9,18.25
17/01/2018,18.4,11.42,456650,19,19.3,18.4
16/01/2018,19,11.79,340880,19.55,19.55,18.9
15/01/2018,19.45,12.07,153370,19.5,19.6,19.35
12/01/2018,19.55,12.14,247790,19.75,20,19.55
11/01/2018,19.9,12.35,367000,19.5,19.9,19.5
10/01/2018,19.5,12.1,361080,19.85,19.9,19.5
09/01/2018,19.7,12.23,354760,19.6,19.9,19.45
08/01/2018,19.4,12.04,458410,19.35,19.4,18.95
05/01/2018,19.15,11.89,223520,19.2,19.5,18.9
04/01/2018,19.2,11.92,236120,19.3,19.5,19.05
03/01/2018,19.25,11.95,405620,19.6,19.8,18.9
02/01/2018,19.5,12.1,244860,19.9,20,19.5
