Date,Close,Adj Close,Volume,Open,High,Low,
01/11/2023,17.7,0,1230405,17.8,17.8,17,
31/10/2023,17.8,0,1838409,16.2,18,16.2,
30/10/2023,18,0,1385227,17.6,18.2,17.6,
26/10/2023,17.4,0,3592922,18.8,18.9,17.2,
25/10/2023,18.8,0,1416201,19.1,19.4,18.7,
24/10/2023,18.9,0,1290446,17,19.2,17,
23/10/2023,18.8,0,1192152,19.5,19.6,18.8,
20/10/2023,19.4,0,2082242,18.6,19.6,18.2,
19/10/2023,18.6,0,1608219,19.2,19.5,18.6,
18/10/2023,19.4,0,3917067,19,19.8,18.4,
17/10/2023,18.8,0,3484572,20.7,21.1,18.8,
16/10/2023,20.7,0,2839368,21.6,21.8,20.7,
13/10/2023,21.6,0,4236934,21.2,22.2,20.8,
12/10/2023,21.2,0,3215508,21.2,21.5,20.8,
11/10/2023,21.2,0,2511949,21.1,21.5,20.8,
10/10/2023,21.1,0,3797127,20.8,21.5,20.5,
09/10/2023,20.5,0,2342897,20.5,21.1,20.2,
06/10/2023,20.8,20.4,1732022,21,21.3,20.4,
05/10/2023,20.7,20.3,3907797,21.5,22.1,20.6,
04/10/2023,21.3,20.89,2336028,20.7,21.3,20.1,
03/10/2023,20.7,20.3,5869968,20.2,21.4,19.9,
02/10/2023,20.7,20.3,2651763,20.3,21.3,20.3,
29/09/2023,20.3,19.91,1955214,19.8,20.6,19.8,
28/09/2023,19.8,19.42,1934330,20.4,20.4,19.6,
27/09/2023,20.3,19.91,2376625,18.5,20.3,18.3,
26/09/2023,18.5,18.14,4687667,19.9,20.4,18.5,
25/09/2023,19.9,19.52,3461031,22.1,22.4,19.9,
22/09/2023,22.1,21.67,5240786,22,23.2,21.6,
21/09/2023,22.3,21.87,3253339,22.6,23,22.1,
20/09/2023,22.6,22.16,5973015,21.2,23.1,21.2,
18/09/2023,20.6,20.2,2264886,20.6,21.4,20.5,
14/09/2023,20.5,20.1,3030724,21.3,21.3,20.3,
13/09/2023,21.2,20.79,4120321,21.5,21.5,20.9,
12/09/2023,21.1,20.69,2328559,21.1,21.3,20.8,
11/09/2023,21.1,20.69,4491593,21,21.8,21,
08/09/2023,21,20.59,3639018,20.7,21.2,20.5,
07/09/2023,20.6,20.2,3617217,20.3,21,20.3,
06/09/2023,20.3,19.91,2103956,20.2,20.4,20,
05/09/2023,20.2,19.81,2345286,18.8,20.5,18.2,
31/08/2023,20.2,19.81,3406337,19.5,20.4,19.4,
30/08/2023,19.4,19.03,1208338,19.2,19.4,18.9,
29/08/2023,19.2,18.83,2101939,19,19.2,18.6,
28/08/2023,18.9,18.54,812295,19,19.1,18.6,
25/08/2023,19,18.63,1909528,18,19,18,
24/08/2023,18,17.65,1543770,18.1,18.2,17.6,
23/08/2023,18,17.65,731491,18.1,18.3,17.8,
22/08/2023,17.9,17.55,1773979,18.6,18.7,17.3,
21/08/2023,18.4,18.04,1433887,17,18.8,17,
18/08/2023,18.8,18.44,2295622,19.2,19.6,18.6,
17/08/2023,19.2,18.83,2990040,19.6,19.8,18.9,
16/08/2023,19.6,19.22,1115484,19.8,20,19.6,
15/08/2023,19.8,19.42,1744869,20.2,20.2,19.8,
14/08/2023,20,19.61,1081696,20,20.4,19.9,
11/08/2023,19.8,19.42,1417084,20.1,20.3,19.4,
10/08/2023,20,19.61,3493032,20.9,20.9,19.9,
09/08/2023,20.8,20.4,1152428,22.5,22.5,20.7,
08/08/2023,21,20.59,1337331,20.7,21.2,20.6,
07/08/2023,21,20.59,2568576,21.3,21.6,20.8,
04/08/2023,21.3,20.89,1387898,21.4,21.5,21.1,
03/08/2023,21.2,20.79,1964662,21.1,21.7,21,
02/08/2023,21.1,20.69,1018160,20.9,21.1,20.7,
01/08/2023,20.9,20.5,1352503,21.3,21.6,20.9,
31/07/2023,21.3,20.89,2886539,20.8,21.5,20.6,
28/07/2023,20.8,20.4,1848732,20.4,20.8,20.4,
27/07/2023,20.4,20.01,1594523,20.8,20.8,20.2,
26/07/2023,20.7,20.3,1057358,20.8,21.3,20.6,
25/07/2023,20.8,20.4,1716499,20.7,21.4,20.6,
24/07/2023,20.7,20.3,1459557,20.6,21,20.6,
21/07/2023,20.6,20.2,1226855,20.7,21,20.5,
20/07/2023,20.7,20.3,892315,20.7,20.8,20.5,
19/07/2023,20.7,20.3,3115043,20.6,21.2,20.3,
18/07/2023,20.5,20.1,1203824,20.7,20.8,20.5,
17/07/2023,20.7,20.3,3854784,19.9,20.9,19.9,
14/07/2023,19.9,19.52,1528924,20.1,20.2,19.8,
13/07/2023,20,19.61,1407655,19.8,20.1,19.8,
12/07/2023,19.8,19.42,1489877,19.9,20,19.7,
11/07/2023,19.9,19.52,2030093,20,20.3,19.8,
07/07/2023,20.1,19.71,2158345,19.7,20.5,19.7,
06/07/2023,19.7,19.32,2085709,19.6,19.7,19.1,
05/07/2023,19.5,19.12,2397798,19.3,19.9,19.1,
04/07/2023,19.3,18.93,1308908,19.3,19.5,19,
03/07/2023,19.3,18.93,782793,19,19.3,18.8,
29/06/2023,19,18.63,1344299,19.5,19.5,19,
28/06/2023,19.5,19.12,1472327,20,20,19.3,
27/06/2023,19.7,19.32,2988255,19,19.7,18.9,
26/06/2023,19,18.63,1206259,19,19.1,18.6,
23/06/2023,19,18.63,1339276,19.3,19.3,18.9,
22/06/2023,19.1,18.73,2275718,18.7,19.3,18.6,
21/06/2023,18.6,18.24,1182936,18.5,18.7,18.5,
19/06/2023,18.1,17.75,1234433,18.6,18.7,18.1,
16/06/2023,18.6,18.24,1624904,18.7,19,18.5,
15/06/2023,18.7,18.34,1103729,18.6,18.9,18.4,
14/06/2023,18.6,18.24,1176622,19.5,19.7,18.6,
12/06/2023,20.3,18.43,1457212,20,20.3,19.8,
09/06/2023,20,18.16,2043454,19,20.1,18.5,
08/06/2023,19.8,17.98,2548362,20.4,20.6,19.8,
07/06/2023,20.4,18.52,2719568,20.5,20.7,20.3,
06/06/2023,20.4,18.52,2136118,20.6,20.9,20.3,
05/06/2023,20.5,18.61,3814231,20.2,20.7,20,
02/06/2023,19.9,18.07,2186513,20.4,20.5,19.7,
01/06/2023,19.9,18.07,1826997,20.2,20.3,19.8,
31/05/2023,20.1,18.25,3831116,19.9,20.6,19.8,
30/05/2023,19.7,17.89,2623707,19.7,20.2,19.6,
29/05/2023,19.6,17.8,2011852,19.3,19.7,19.3,
26/05/2023,19.3,17.52,1293574,19.3,19.6,19.3,
25/05/2023,19.3,17.52,1366401,19.5,19.6,19.2,
24/05/2023,19.5,17.71,3066601,20,20.4,19.5,
23/05/2023,19.9,18.07,1910664,19.4,19.9,19.2,
22/05/2023,19.4,17.62,1340161,19.7,19.7,19,
19/05/2023,19.2,17.43,1493388,19.3,19.5,19,
18/05/2023,19,17.25,1129621,19,19.3,18.9,
17/05/2023,19,17.25,1621912,19.6,19.7,19,
16/05/2023,19.5,17.71,1122526,19.8,19.8,19.5,
12/05/2023,19.5,17.71,1953731,19.4,19.8,19.1,
11/05/2023,19.4,17.62,2783266,19.6,20.2,19.4,
10/05/2023,19.6,17.8,1847528,19.6,19.7,19.3,
09/05/2023,19.5,17.71,1438766,19.2,19.7,19.2,
08/05/2023,19.2,17.43,1994440,19,19.6,18.8,
05/05/2023,19,17.25,2431542,18,19.7,18,
04/05/2023,19.6,17.8,3240062,19.7,20.6,19.5,
28/04/2023,19.7,17.89,2610741,19.7,19.9,19.3,
27/04/2023,19.6,17.8,2472758,20.1,20.2,19.3,
26/04/2023,20,18.16,4309369,18.7,20,18.6,
25/04/2023,18.7,16.98,4291783,18,19.3,17.8,
24/04/2023,17.9,16.25,2740939,18.2,18.6,17.8,
21/04/2023,18.2,16.53,2203814,18.6,18.7,18,
20/04/2023,18.5,16.8,5951542,17.5,18.7,17.5,
19/04/2023,17.6,15.98,1143391,17.5,17.8,17.4,
18/04/2023,17.5,15.89,1341005,17.1,17.7,15.8,
17/04/2023,17.5,15.89,901747,17.4,17.8,17.4,
14/04/2023,17.4,15.8,1704070,18,18.2,17.4,
13/04/2023,18,16.34,2570156,18.1,18.5,17.9,
12/04/2023,18.1,16.44,2536957,17.7,18.4,17.6,
11/04/2023,17.7,16.07,1347037,17.2,17.7,17.2,
10/04/2023,17.2,15.62,1931578,17.3,17.9,17,
07/04/2023,17.6,15.98,1899591,17.8,17.9,17.4,
06/04/2023,17.8,16.16,2928205,18.1,18.5,17.8,
05/04/2023,18,16.34,2112133,18.2,18.4,17.9,
04/04/2023,18.2,16.53,2566632,18,18.2,17.8,
03/04/2023,17.9,16.25,2639135,17.2,18.1,17.2,
31/03/2023,17.1,15.53,1358250,17.3,17.3,17,
30/03/2023,17.2,15.62,950720,17.2,17.5,17.1,
29/03/2023,17.1,15.53,1035449,17.4,17.6,17.1,
28/03/2023,17.3,15.71,1377806,17.5,17.7,17.2,
27/03/2023,17.4,15.8,1366632,17.2,17.4,17.2,
24/03/2023,17.2,15.62,1252512,17.2,17.4,17.1,
23/03/2023,17.2,15.62,1239214,17,17.2,16.8,
22/03/2023,17,15.44,1105765,17.3,17.5,17,
21/03/2023,17.3,15.71,1645627,16.9,17.3,16.7,
20/03/2023,16.7,15.16,3316631,17.8,17.8,16.7,
17/03/2023,17.8,16.16,1420786,18,18.4,17.8,
16/03/2023,18,16.34,1523704,18.5,18.5,17.8,
15/03/2023,18.5,16.8,2587288,18.1,18.7,18.1,
14/03/2023,17.8,16.16,3316667,18.1,18.8,17.7,
13/03/2023,18.4,16.71,2355669,18.1,18.8,18,
10/03/2023,18.3,16.62,3712178,18.1,18.6,17.7,
09/03/2023,18,16.34,2777255,18.3,18.5,17.9,
08/03/2023,18.3,16.62,2482466,17.5,18.4,17,
07/03/2023,17.5,15.89,1942560,17,17.8,17,
06/03/2023,17,15.44,1710196,17.2,17.6,17,
03/03/2023,17.2,15.62,4676670,18,18.4,17.2,
02/03/2023,17.9,16.25,1577359,18,18.1,17.7,
01/03/2023,18,16.34,2595787,17.7,18,17.3,
28/02/2023,17.7,16.07,1737374,16.8,17.7,16.8,
27/02/2023,16.9,15.35,3635898,18.1,18.4,16.8,
24/02/2023,18.4,16.71,1644556,18.8,19.2,18.3,
23/02/2023,18.8,17.07,3841686,17.5,18.8,17.2,
22/02/2023,17.5,15.89,4147917,18.3,19.3,17.5,
21/02/2023,18.6,16.89,3874649,18.6,19.4,18.1,
20/02/2023,18.6,16.89,2858403,18,18.9,17.6,
17/02/2023,17.6,15.98,2224966,18.2,18.5,17.6,
16/02/2023,18.1,16.44,4314702,16.6,18.1,16.5,
15/02/2023,16.5,14.98,2285490,16.2,16.7,16.1,
14/02/2023,16.2,14.71,1362084,16.7,16.9,16,
13/02/2023,16,14.53,3710828,15.8,16.7,15.6,
10/02/2023,15.8,14.35,1752431,16.4,16.5,15.7,
09/02/2023,16.3,14.8,5007755,15.2,16.3,15.2,
08/02/2023,15.2,13.8,1240911,15,15.3,14.8,
07/02/2023,15,13.62,1445490,14.9,15.3,14.8,
06/02/2023,14.9,13.53,1083099,15,15.1,14.5,
03/02/2023,15,13.62,1605174,15.3,15.6,14.8,
02/02/2023,15.3,13.89,1777353,15.8,15.9,15,
01/02/2023,15.8,14.35,4631774,16,16.5,15.8,
31/01/2023,15.9,14.44,1847775,15.4,15.9,15.2,
30/01/2023,15.5,14.07,2519242,15.7,15.9,15.5,
27/01/2023,15.7,14.26,1902941,15.8,16.3,15.7,
19/01/2023,15.8,14.35,3725420,15.2,16.1,15.1,
18/01/2023,15.2,13.8,1610249,14.8,15.4,14.7,
17/01/2023,14.6,13.26,1298949,14.5,14.7,14.3,
16/01/2023,14.4,13.08,765136,14.5,14.7,14,
13/01/2023,14.5,13.17,818840,14.9,15.2,14.4,
12/01/2023,14.8,13.44,1696169,14.3,14.9,14.3,
11/01/2023,14.3,12.98,995452,14.2,14.7,14.1,
10/01/2023,14.1,12.8,617829,14.4,14.4,13.9,
09/01/2023,14.2,12.89,884291,13.1,14.6,12.8,
06/01/2023,14.4,12.72,1316331,14.8,14.9,14.3,
05/01/2023,14.7,12.98,1814491,12.8,14.8,12.8,
04/01/2023,14.1,12.46,1241571,13,14.6,13,
03/01/2023,14.4,12.72,932255,13.4,14.4,13.3,
30/12/2022,13.3,11.75,581512,13.4,13.6,13.3,
29/12/2022,13.4,11.84,541300,13.9,13.9,13.3,
28/12/2022,13.7,12.1,512373,13.8,13.9,13.5,
27/12/2022,13.6,12.01,1710708,12.1,13.6,12.1,
26/12/2022,12.9,11.4,1270061,13.8,14.1,12.8,
23/12/2022,13.8,12.19,748897,13.7,14,13.5,
22/12/2022,13.8,12.19,957765,12.7,14.3,12.7,
21/12/2022,13.8,12.19,1814095,14.6,14.8,13.4,
20/12/2022,14.3,12.63,2444046,14.7,15.2,14.2,
19/12/2022,15,13.25,2577936,15.3,15.7,15,
16/12/2022,15.1,13.34,1821545,14,15.3,13.8,
15/12/2022,14.9,13.16,2188852,15.2,15.4,14.8,
14/12/2022,15.2,13.43,1653643,15.7,15.7,15.2,
13/12/2022,15.2,13.43,2603528,14.7,15.4,14.5,
12/12/2022,15,13.25,2892750,15.8,16.4,15,
09/12/2022,15.7,13.87,4731867,14.9,15.9,14.6,
08/12/2022,14.9,13.16,1811625,13.1,15.2,13.1,
07/12/2022,14.4,12.72,1369984,14,14.8,14,
06/12/2022,14.5,12.81,4490817,15.3,16,14.5,
05/12/2022,15,13.25,2632885,14.9,15.5,14.8,
02/12/2022,14.7,12.98,2586165,14.4,14.9,14.1,
01/12/2022,14.4,12.72,3203797,13.8,15.3,13.8,
30/11/2022,14.4,12.72,2182119,12.7,14.6,12.7,
29/11/2022,14,12.37,3099396,13.9,14.5,13.5,
28/11/2022,14.2,12.54,2543240,13.2,14.5,13.2,
25/11/2022,13.4,11.84,2175974,11.3,13.5,11.3,
24/11/2022,12.5,11.04,1671646,11.9,12.6,11.5,
23/11/2022,12.2,10.78,1977873,11.5,12.9,11.5,
22/11/2022,12.2,10.78,2864230,11.4,13,11.4,
21/11/2022,12.4,10.95,1686238,11,12.8,11,
18/11/2022,12.2,10.78,3065299,11.5,12.6,10.4,
17/11/2022,11.5,10.16,3038772,10.6,11.5,10.5,
16/11/2022,10.5,9.28,3561158,8.7,10.5,8.7,
15/11/2022,9.6,8.48,2639987,10.3,10.7,9.6,
14/11/2022,10.6,9.36,3040631,10.6,11.8,10.5,
11/11/2022,11.6,10.25,3016803,11.4,13.5,11.4,
09/11/2022,13.9,12.28,1206923,12.8,14.7,12.8,
08/11/2022,14.2,12.54,1059682,14.1,15,12.6,
07/11/2022,13.8,12.19,2815618,15.3,15.5,13.8,
04/11/2022,15.3,13.52,2494598,16.3,16.3,15.1,
03/11/2022,16.3,14.4,1717378,16.4,16.7,16,
02/11/2022,16.3,14.4,1476258,16.2,16.9,16.2,
01/11/2022,16.5,14.58,2434224,16,16.9,16,
31/10/2022,15.8,13.96,1852608,15.7,16.1,15.1,
28/10/2022,15.7,13.87,1918861,16.2,16.5,15.5,
27/10/2022,16.2,14.31,2578323,13.5,16.2,13.5,
26/10/2022,15,13.25,1395401,14.2,16.2,14.2,
25/10/2022,15.7,13.87,2483483,15.3,16.3,15.2,
24/10/2022,15.3,13.52,2006042,16,16.5,15.1,
21/10/2022,15.7,13.87,2675535,17.2,17.3,15.6,
20/10/2022,17.1,15.1,2528436,16.6,17.7,16.6,
19/10/2022,16.6,14.66,1783999,17,17.2,16.3,
18/10/2022,16.9,14.93,2120307,16.5,17.4,16.5,
17/10/2022,16.4,14.49,1186988,16.6,16.6,15.9,
14/10/2022,16.4,14.49,1588886,16,16.8,16,
13/10/2022,16,14.13,1093695,16.2,16.3,15.6,
12/10/2022,16.1,14.22,1558093,14,16.5,13.8,
11/10/2022,15.3,13.52,2013479,14.6,16.5,14.6,
10/10/2022,16.6,14.29,2197804,14.8,16.6,13.7,
07/10/2022,15.1,13,2674672,16.3,16.3,14.7,
06/10/2022,16.2,13.95,1559618,17.5,18.1,16.1,
05/10/2022,17.5,15.07,2375569,15.8,17.6,15,
04/10/2022,16,13.78,2273327,17.7,18.1,16,
03/10/2022,17.5,15.07,1983068,19.4,19.4,17.5,
30/09/2022,19.4,16.7,2719734,20,20,18.1,
29/09/2022,20,17.22,1220377,21.9,22.3,20,
28/09/2022,21.6,18.6,1497116,22,22.3,21.6,
27/09/2022,21.9,18.86,1114455,21.8,22.5,21.8,
26/09/2022,21.7,18.69,1647673,23,23,21.6,
23/09/2022,23.2,19.98,1027716,23.5,23.8,23.2,
22/09/2022,23.6,20.32,1028397,22.8,23.6,22.5,
21/09/2022,22.9,19.72,1279731,23.1,23.4,22.7,
20/09/2022,23.1,19.89,1558907,22,23.2,22,
19/09/2022,22.3,19.2,2207083,24.1,24.4,22,
16/09/2022,24.1,20.75,1627352,25.2,25.2,23.8,
15/09/2022,24.9,21.44,1094356,24.8,25.3,24.8,
14/09/2022,24.9,21.44,1404480,25,25,24.3,
13/09/2022,25.2,21.7,1332898,25.2,25.5,25,
12/09/2022,25.2,21.7,993804,25.6,25.9,25.1,
09/09/2022,25.5,21.96,2120427,24.5,25.5,22.9,
08/09/2022,25,21.53,1894672,25.6,26.2,25,
07/09/2022,25.6,22.04,2394842,26.8,27,25.6,
06/09/2022,26.8,23.08,1572270,27.1,27.4,26.8,
05/09/2022,27.1,23.34,1913609,27,27.8,27,
31/08/2022,26.9,23.16,1583643,26.5,27,26.3,
30/08/2022,26.4,22.73,2281703,26.8,27.1,26.2,
29/08/2022,26.3,22.65,3050320,27,27,25.8,
26/08/2022,27,23.25,1600045,27.7,28,27,
25/08/2022,27.7,23.85,2849643,27.7,28.5,27.7,
24/08/2022,27.8,23.94,1711732,28,28,27.5,
23/08/2022,28,24.11,1655238,26.7,28,26.5,
22/08/2022,26.8,23.08,2044804,27,27.1,26.5,
19/08/2022,27.1,23.34,2862040,28,28.1,26.8,
18/08/2022,27.6,23.77,2274663,28.2,28.3,27.6,
17/08/2022,28.3,24.37,1928640,28.7,29.1,28.2,
16/08/2022,28.7,24.71,3716627,27.9,28.8,27.9,
15/08/2022,27.9,24.02,2018012,27.9,28.2,27.7,
12/08/2022,27.8,23.94,2013129,27.5,28,27.5,
11/08/2022,27.6,23.77,3282681,28.5,28.7,27.3,
10/08/2022,28.1,24.2,1607171,28.4,28.5,28.1,
09/08/2022,28.4,24.45,2399218,29.2,29.2,28.3,
08/08/2022,28.9,24.88,4244128,27.8,28.9,27.6,
05/08/2022,27.8,23.94,1581502,27.8,28,27.5,
04/08/2022,27.8,23.94,1916189,28.4,28.7,27.7,
03/08/2022,28.2,24.28,2701450,28,28.3,27.7,
02/08/2022,28,24.11,2693415,27.5,28.3,27.5,
01/08/2022,27.7,23.85,1775906,27.3,27.9,27.2,
29/07/2022,27.3,23.51,3610158,27.3,28.1,27.3,
28/07/2022,27.2,23.42,2353380,26.5,27.2,26.3,
27/07/2022,26.1,22.47,967632,25.8,26.3,25.5,
26/07/2022,25.8,22.22,1834064,26.3,26.8,25.8,
25/07/2022,26.4,22.73,1691339,27.1,27.1,26.4,
22/07/2022,27.1,23.34,1512038,27.2,27.5,27,
21/07/2022,27.2,23.42,1823090,27.7,27.9,27,
20/07/2022,27.6,23.77,2889531,26.8,27.9,26.8,
19/07/2022,26.7,22.99,1312594,26.6,27,26.4,
18/07/2022,26.6,22.9,1253594,26.8,27.2,26.3,
15/07/2022,26.8,23.08,1735106,26.6,27.7,26.6,
14/07/2022,26.6,22.9,1390325,26,26.8,25.8,
13/07/2022,26.1,22.47,1451985,26.1,26.9,25.5,
12/07/2022,26.1,22.47,1953454,25.6,26.4,25.5,
11/07/2022,25.6,22.04,2281150,26.8,26.8,25,
08/07/2022,26.8,23.08,1554458,26.2,27.4,26.2,
07/07/2022,26,22.39,2094288,25.1,26,25.1,
06/07/2022,25.1,21.61,4064255,27.2,28.4,25.1,
05/07/2022,27.5,23.68,5693898,29.6,29.8,27,
04/07/2022,29.6,25.49,1964168,31,31.5,29.5,
01/07/2022,30.7,26.43,4634675,30.6,31.5,28.2,
30/06/2022,30.8,26.52,3058962,31.1,31.9,30.8,
29/06/2022,31,26.69,2686988,31.1,31.9,30.8,
28/06/2022,31.5,27.12,6378705,30.6,32.3,30.5,
27/06/2022,30.6,26.35,2562497,29.9,30.9,29.9,
24/06/2022,29.8,25.66,2070551,30.2,31,29.8,
23/06/2022,30.2,26,3207915,27.5,30.2,26.5,
22/06/2022,27.8,23.94,4344673,29.7,31,27.1,
21/06/2022,30,25.83,4533973,31.8,32.9,29.3,
20/06/2022,32,27.55,6102526,32,33.8,31.5,
17/06/2022,32.1,27.64,6181237,29.5,32.5,28.5,
16/06/2022,30.1,25.92,3575947,29.4,30.8,29.4,
15/06/2022,29.2,25.14,2786461,29.3,29.5,28,
14/06/2022,29.2,25.14,2615680,28.1,29.3,26.4,
13/06/2022,27.7,23.85,5505484,30.6,30.6,27.6,
10/06/2022,30.6,26.35,5981107,32.9,33.1,30.6,
09/06/2022,33,28.42,2960271,32.4,33.7,32.1,
08/06/2022,32.5,27.98,5262167,32.1,33.9,32.1,
07/06/2022,32.1,27.64,6104723,29.2,32.1,28.9,
06/06/2022,29.2,25.14,3155707,29,29.9,29,
03/06/2022,29,24.97,2117908,29.5,29.7,29,
02/06/2022,29.5,25.4,3611532,31.2,31.2,29.2,
01/06/2022,31.5,24.78,3290845,30.2,31.5,29.6,
31/05/2022,30.1,23.68,2426444,30.2,30.8,29.9,
30/05/2022,30.1,23.68,2279643,30.3,30.9,30,
27/05/2022,30.3,23.84,2213497,31.1,31.5,30.3,
26/05/2022,30.9,24.31,1966475,30.5,31.3,29.8,
25/05/2022,30.9,24.31,3278931,28.9,31.2,28.5,
24/05/2022,28.5,22.42,2165593,27.7,28.5,27.1,
23/05/2022,27.6,21.71,2246906,27.5,28.8,27,
20/05/2022,27.3,21.48,2027362,27.3,28.3,27,
19/05/2022,27,21.24,1841136,27,27.5,25.9,
18/05/2022,27.5,21.63,2229134,27.5,28.6,27.5,
17/05/2022,27.1,21.32,1540966,24.7,27.1,24.3,
16/05/2022,24.7,19.43,2239959,22.7,27.1,22.7,
13/05/2022,25.2,19.82,3860069,28,28.6,25.2,
12/05/2022,28,22.03,3470597,31,31.1,28,
11/05/2022,31.1,24.47,1139111,31.7,33.3,30.8,
10/05/2022,30.8,24.23,3015811,28.8,30.8,27,
09/05/2022,29.1,22.89,3366799,32.3,33,29.1,
06/05/2022,32.3,25.41,2960449,34.4,34.5,32.3,
05/05/2022,34.5,27.14,2419427,34.6,35.3,33.2,
04/05/2022,34.4,27.06,2830793,34.4,35.5,34.2,
29/04/2022,34.4,27.06,3121694,32,34.7,32,
28/04/2022,32.5,25.57,2475095,33.1,33.7,32.5,
27/04/2022,33,25.96,1752229,32,33.6,30,
26/04/2022,32.2,25.33,3459055,30.2,32.2,28.3,
25/04/2022,31.4,24.7,4106426,34.8,34.9,31.4,
22/04/2022,34.8,27.38,8144122,38.4,39.4,34.8,
21/04/2022,38.6,30.37,3220432,38,39.4,36.6,
20/04/2022,38,29.89,5225581,39.3,40.5,38,
19/04/2022,39.3,30.92,4935954,42.1,42.6,39.3,
18/04/2022,42,33.04,3763530,41.5,42.5,40.8,
14/04/2022,39.5,31.07,3939141,38.9,40.5,38.5,
13/04/2022,38.9,30.6,2668640,37.1,38.9,33.5,
12/04/2022,37.1,29.19,2982212,37,38.6,36.5,
08/04/2022,36.9,29.03,3591493,39,39.2,36.5,
07/04/2022,39,30.68,4437501,39.6,41.5,39,
06/04/2022,39.5,31.07,2987926,38.2,39.5,38.2,
05/04/2022,38.3,30.13,3138263,38,39.5,37.9,
04/04/2022,38,29.89,3521229,39.2,40.1,38,
31/03/2022,38.7,30.44,3112174,39.9,40,38.7,
30/03/2022,40,31.47,6302823,37.8,40.3,37,
29/03/2022,37.8,29.74,3892447,38.1,39.2,37.5,
28/03/2022,38.2,30.05,7184480,36.4,38.3,35.4,
25/03/2022,35.9,28.24,5565051,34.3,36.6,34.3,
24/03/2022,34.1,26.83,2866284,33.6,34.8,33.5,
23/03/2022,33.6,26.43,2394123,33.8,34.3,33.4,
22/03/2022,33.7,26.51,2607223,33.8,34.8,33.7,
21/03/2022,33.7,26.51,1838635,33.6,34.4,33.4,
18/03/2022,33.6,26.43,1799315,34.3,34.4,33.4,
17/03/2022,34,26.75,2088085,34.2,34.9,34,
16/03/2022,34,26.75,2549346,33.3,34.4,33,
15/03/2022,33,25.96,1701048,33.1,33.4,32.5,
14/03/2022,33,25.96,1959662,34.3,34.3,32.7,
11/03/2022,33.8,26.59,2881323,33.3,34.4,32.9,
10/03/2022,33.3,26.2,2820705,33.1,34.7,33.1,
09/03/2022,33,25.96,5118337,33.7,34.4,32.3,
08/03/2022,33.8,26.59,4471391,35.8,36,33.8,
07/03/2022,36,28.32,3656107,34.9,37,34.7,
04/03/2022,35.7,28.08,4310289,36.7,36.7,35.1,
03/03/2022,36.7,28.87,6879722,34.3,37.4,33.6,
02/03/2022,34.1,26.83,3519315,33.8,34.7,33.8,
01/03/2022,34.1,26.83,3373155,35,35.9,34.1,
28/02/2022,35,27.53,3919743,33.9,35.5,33.5,
25/02/2022,34.4,27.06,4770944,34,35.7,34,
24/02/2022,34,26.75,5333630,33.2,34.5,32,
23/02/2022,33.2,26.12,3491760,32.2,33.5,32.2,
22/02/2022,32.2,25.33,2922360,33,33,31.7,
21/02/2022,33,25.96,2767537,33,33.4,32.8,
18/02/2022,33,25.96,4556373,31.7,33.6,31.5,
17/02/2022,31.8,25.02,1506192,31.7,32.3,31.3,
16/02/2022,31.7,24.94,1130226,31.3,31.7,31.2,
15/02/2022,31,24.39,1048247,30.8,31.6,30.8,
14/02/2022,30.8,24.23,1711639,30.9,32.4,30.5,
11/02/2022,30.9,24.31,1373547,31.1,31.3,30.6,
10/02/2022,31.2,24.54,1253075,30.6,31.8,30.6,
09/02/2022,30.6,24.07,854344,30.9,31,30.6,
08/02/2022,30.8,24.23,1069287,29.5,31,29.5,
07/02/2022,29.5,23.21,579055,28.1,30,28.1,
28/01/2022,28,22.03,668630,27.2,28.3,27.2,
27/01/2022,27.2,21.4,1166554,27.9,28.4,27,
26/01/2022,28,22.03,825587,28.3,29,28,
25/01/2022,28.3,22.26,1379820,27.8,28.5,27,
24/01/2022,27.8,21.87,1772410,30.8,30.8,27.8,
21/01/2022,30.7,24.15,952621,31,31.1,30.6,
20/01/2022,30.8,24.23,1138838,30,31.3,30,
19/01/2022,30,23.6,1206735,29.7,30.7,29.5,
18/01/2022,29.5,23.21,1417221,29.9,30.5,29.3,
17/01/2022,29.5,23.21,2568593,32.9,33.3,29.5,
14/01/2022,32.5,25.57,744087,32.3,32.8,31.5,
13/01/2022,32,25.17,1353732,32.1,33.3,31.9,
12/01/2022,32.1,24.95,3139964,33.3,33.3,30.5,
11/01/2022,33.3,25.89,2044371,34,34.5,33.3,
10/01/2022,34,26.43,2499891,36.1,36.4,34,
07/01/2022,36.1,28.06,4409504,34.2,36.9,34.2,
06/01/2022,34.2,26.59,2340766,34.5,34.6,33.8,
05/01/2022,34.2,26.59,3173249,33.2,34.6,33.2,
04/01/2022,33.2,25.81,1825334,32.8,33.7,32.8,
31/12/2021,32.8,25.5,1068509,32.6,33.2,32.5,
30/12/2021,32.6,25.34,1472346,32.3,33.4,32.1,
29/12/2021,32.3,25.11,1987118,33.1,33.3,32.3,
28/12/2021,33,25.65,1884960,33.9,34.5,33,
27/12/2021,33.8,26.28,1881110,34,34.7,33,
24/12/2021,33.8,26.28,2179681,32.5,34.2,32.5,
23/12/2021,32.5,25.27,3655716,33.9,34.1,32.1,
22/12/2021,33.9,26.35,2931897,34.2,35.1,33.4,
21/12/2021,34,26.43,2573115,35,35,33.6,
20/12/2021,34.5,26.82,3370475,34.7,35.8,34.2,
17/12/2021,34.5,26.82,4553174,33.2,35.7,33.1,
16/12/2021,33.1,25.73,3045300,32.7,34,32.5,
15/12/2021,32.5,25.27,1734576,33.4,33.6,32.5,
14/12/2021,33.3,25.89,2991885,32.8,33.9,32.1,
13/12/2021,32.6,25.34,2400788,32.9,33.6,32.4,
10/12/2021,32.8,25.5,3912946,30.9,32.9,30.9,
09/12/2021,30.8,23.94,1116095,31,31.8,30.3,
08/12/2021,30.6,23.79,1069506,30.5,31,30.2,
07/12/2021,30.1,23.4,1485189,29,30.5,29,
06/12/2021,29,22.54,2379554,30.9,31.1,29,
03/12/2021,30.9,24.02,1582684,31.7,32.3,30.9,
02/12/2021,31.6,24.57,1390070,32.3,32.8,31.6,
01/12/2021,32.3,25.11,2918956,30.5,32.8,30.5,
30/11/2021,30.5,23.71,1594813,30.6,31.6,30.5,
29/11/2021,30.5,23.71,1384404,30.9,30.9,30,
26/11/2021,31,24.1,1597718,31.1,31.5,30.6,
25/11/2021,31,24.1,1431334,30.5,31.8,30.5,
24/11/2021,30.5,23.71,1443756,30.6,30.9,30.3,
23/11/2021,30.1,23.4,1711958,29,30.9,28.7,
22/11/2021,29,22.54,3080398,31.5,32,29,
19/11/2021,31.5,24.49,6537771,33,33.4,30,
18/11/2021,33.1,25.73,2757988,33.3,34,33.1,
17/11/2021,33.2,25.81,1777629,34.5,34.5,33.2,
16/11/2021,34,26.43,4267355,33,34.9,32.8,
15/11/2021,32.9,25.58,2875816,32.4,33.4,32.4,
12/11/2021,32.4,25.19,2037324,32.5,32.9,32,
11/11/2021,32.5,25.27,3962740,33.3,33.7,32.2,
10/11/2021,33.2,25.81,3057133,33.2,33.9,33.2,
09/11/2021,33.2,25.81,2360445,33.6,34.1,33,
08/11/2021,33.6,26.12,4165427,33.5,34.9,33,
05/11/2021,33.4,25.96,4348100,31.6,33.8,31.6,
04/11/2021,31.5,24.49,2293055,31.6,32.1,31.4,
03/11/2021,31.5,24.49,3441818,33.4,33.9,31.4,
02/11/2021,33.4,25.96,5115994,32.5,34.4,32.1,
01/11/2021,32.5,25.27,3457891,32.7,33.3,32.5,
29/10/2021,32.7,25.42,3258979,32.7,33.4,32.5,
28/10/2021,32.6,25.34,3675355,32.2,33.6,32,
27/10/2021,32.1,24.95,2513240,32.3,33,32,
25/10/2021,32.1,24.95,5663497,31.2,33.5,31.1,
22/10/2021,31.1,24.18,2143082,31,31.4,30.8,
21/10/2021,30.9,24.02,2484747,30.4,31.4,29.8,
20/10/2021,30.4,23.63,4464948,31.2,31.4,29.7,
19/10/2021,31.2,24.25,1941832,31.8,32,31.2,
18/10/2021,31.4,24.41,2560386,31.7,32.2,31.1,
15/10/2021,31.7,24.64,4318847,31.4,32.5,31,
14/10/2021,31.4,24.41,2935687,30.8,31.9,30.7,
13/10/2021,30.7,23.87,1733502,30.9,31.4,30.7,
12/10/2021,30.7,23.87,3588055,30.8,31.5,30.1,
11/10/2021,30.8,23.94,3235788,31.2,32,30.8,
08/10/2021,31.2,24.25,2401676,30.8,31.5,30.7,
07/10/2021,30.7,23.87,3558715,31.3,32.4,30.7,
06/10/2021,31.2,24.25,8218625,28.8,31.2,28.5,
05/10/2021,28.4,22.08,2099472,28,29.3,27.8,
04/10/2021,27.9,21.69,2720128,27.2,28.5,26.9,
01/10/2021,27.2,21.15,2148959,27.4,27.8,27.1,
30/09/2021,27.2,21.15,1671457,27,27.8,26.8,
29/09/2021,28.6,20.59,2296816,28.6,29.5,28.2,
28/09/2021,28.8,20.73,1668145,28.3,29,28,
27/09/2021,28.3,20.37,2385047,28.2,28.8,27.8,
24/09/2021,28.2,20.3,2671765,28.5,29.2,27.5,
23/09/2021,28.4,20.44,4712653,29.6,30.2,28.4,
22/09/2021,29.6,21.31,2170664,29.9,30.5,29.6,
21/09/2021,29.8,21.45,4965875,30.3,30.7,29.2,
20/09/2021,31,22.31,3730062,32.8,32.9,30.8,
17/09/2021,32.4,23.32,2528302,33,33.3,32.4,
16/09/2021,33,23.75,4876072,31.5,33.3,31.5,
15/09/2021,31.3,22.53,2077590,31.1,31.9,31,
14/09/2021,31,22.31,2911349,30.6,31.8,30.4,
10/09/2021,30.8,22.17,2303998,31.4,31.5,30.8,
09/09/2021,31.3,22.53,1926846,30.5,31.7,30.2,
08/09/2021,30.3,21.81,2767839,30.1,30.9,30,
07/09/2021,30,21.59,5578742,32,32.2,29.8,
06/09/2021,32.2,23.18,3108846,32.2,33.7,32.2,
01/09/2021,32.1,23.11,2621445,31.6,32.3,31.1,
31/08/2021,31.6,22.75,4080282,31.1,32.9,30.6,
30/08/2021,31.1,22.39,3461999,31.8,32.4,31.1,
27/08/2021,31.8,22.89,3376620,31,32.5,30.6,
26/08/2021,31.2,22.46,6320829,29.5,31.7,28.9,
25/08/2021,29.3,21.09,3052610,28.6,29.5,28.3,
24/08/2021,28.6,20.59,4171435,27.9,28.9,27.4,
23/08/2021,27.6,19.87,4414772,27.5,28.7,27.1,
20/08/2021,27.4,19.72,7702909,30,30.5,27,
19/08/2021,30,21.59,3482903,28.7,30.8,28.3,
18/08/2021,28.7,20.66,4638250,28.5,29.4,27.5,
17/08/2021,28.3,20.37,4975603,30.5,30.5,27.8,
16/08/2021,28,20.15,5668369,26.8,28,25.6,
13/08/2021,25.5,18.35,6047876,24.2,25.5,24.1,
12/08/2021,24.2,17.42,3693869,23.1,24.5,23.1,
11/08/2021,23.1,16.63,2042823,23.6,23.9,23.1,
10/08/2021,23.5,16.92,2904439,23.5,24.1,23.3,
09/08/2021,23.5,16.92,2395765,22.5,23.5,22.5,
06/08/2021,22.7,16.34,2642909,23.4,23.4,22.7,
04/08/2021,22.4,16.12,1912386,22.4,22.8,22.3,
03/08/2021,22.6,16.27,2404970,22.2,23.1,22,
02/08/2021,22.1,15.91,3453298,21.3,22.6,21.2,
30/07/2021,21.2,15.26,1725264,21,21.5,21,
29/07/2021,21,15.12,1150873,20.9,21.2,20.7,
28/07/2021,20.8,14.97,1944906,21.2,21.4,20.8,
27/07/2021,21.2,15.26,1839877,21.7,22.1,21.2,
26/07/2021,21.7,15.62,1707773,20.5,21.7,20.5,
23/07/2021,21.1,15.19,2439909,21.3,22,20.8,
22/07/2021,21.3,15.33,2282539,20.1,21.4,20.1,
21/07/2021,20.1,14.47,1340142,20.5,21,20,
20/07/2021,20.5,14.76,2473431,18.9,20.6,18.7,
19/07/2021,18.9,13.6,1607691,19.9,20,18.9,
16/07/2021,20.2,14.54,1375520,19.6,20.2,19.6,
15/07/2021,19.6,14.11,1182239,19,19.7,18.9,
14/07/2021,19,13.68,1223837,19.4,19.8,18.9,
13/07/2021,19.3,13.89,1282729,19,19.8,19,
12/07/2021,19,13.68,2774521,20.1,20.2,18.2,
09/07/2021,20.1,14.47,2049283,20.6,21.4,20.1,
08/07/2021,20.6,14.83,1574994,20.5,21.3,20.5,
07/07/2021,20.5,14.76,2174651,21,21.2,19.4,
06/07/2021,20.5,14.76,3077895,22.8,23.2,20.5,
05/07/2021,22.7,16.34,2344400,23.7,24,22.7,
02/07/2021,23.7,17.06,2485137,23.5,24.2,23.4,
01/07/2021,23.2,16.7,2329606,22.9,23.5,22.8,
30/06/2021,22.9,16.48,1610809,23.3,23.6,22.9,
29/06/2021,23.3,16.77,1525541,24.3,24.3,23.3,
28/06/2021,24,17.27,2760736,23.1,24.1,23.1,
25/06/2021,23.1,16.63,1475226,23.5,23.9,23,
24/06/2021,23.4,16.84,2044933,23.5,24.2,23.2,
23/06/2021,23.2,16.7,6464197,24.2,24.5,22.6,
22/06/2021,24.2,17.42,3266414,25.1,25.5,24,
21/06/2021,25,17.99,2475411,25.9,26.3,25,
18/06/2021,26,18.71,3788142,25.6,26.8,25.5,
17/06/2021,25.6,18.43,4419804,24.4,25.8,24,
16/06/2021,24.4,17.56,3626851,24.3,25.4,24,
15/06/2021,24.8,17.85,3649316,24.9,25.8,24,
14/06/2021,24.9,17.92,4718425,24,25.4,23.6,
11/06/2021,24,17.27,5791058,22.3,24.5,22.3,
10/06/2021,22.3,16.05,1566622,22.9,22.9,21.8,
09/06/2021,22.7,16.34,2344314,21.9,23,21.6,
08/06/2021,21.9,15.76,2045033,23.8,24.3,21.5,
07/06/2021,23.6,16.99,3280716,22.9,24.6,22.9,
04/06/2021,22.8,16.41,3513985,22.1,23.1,21.8,
03/06/2021,22.2,15.98,1713904,22.7,22.9,22.1,
02/06/2021,22.7,16.34,3594726,21.5,23.1,21.5,
01/06/2021,21.1,15.19,3099442,19.3,21.1,19.2,
31/05/2021,19.2,13.82,1414644,19.6,19.7,19,
28/05/2021,19.6,14.11,1125756,19.4,19.9,19.4,
27/05/2021,19.4,13.96,1461438,19.9,20,19.4,
26/05/2021,19.9,14.32,1214092,20.4,20.6,19.9,
25/05/2021,20.2,14.54,1134648,20.5,20.8,20.2,
24/05/2021,20.3,14.61,1042988,20.3,20.8,20,
21/05/2021,20,14.4,1514163,19.5,20.5,19.3,
20/05/2021,19.6,14.11,1066970,19.6,20.1,19.4,
19/05/2021,19.6,14.11,1450840,20.2,20.4,19.6,
18/05/2021,20.1,14.47,996092,20.2,20.8,20.1,
17/05/2021,20.2,14.54,1208399,20.9,21,20.2,
14/05/2021,20.8,14.97,1150546,21,21.2,20.8,
13/05/2021,20.9,15.04,1000566,21.1,21.5,20.9,
12/05/2021,21.1,15.19,1352689,20.5,21.4,20.4,
11/05/2021,20.3,14.61,1110479,20.3,20.9,20.1,
10/05/2021,20.2,14.54,1749665,20.4,20.6,18.6,
07/05/2021,20.6,14.83,1191668,21,21.3,20.5,
06/05/2021,21,15.12,853598,21.3,21.6,21,
05/05/2021,21.4,15.4,1336770,21,21.6,20.9,
04/05/2021,20.7,14.9,1311542,21,21.4,20,
29/04/2021,21.3,15.33,985749,21.6,21.8,21.3,
28/04/2021,21.3,15.33,699161,21.2,21.9,21.2,
27/04/2021,21.2,15.26,924283,20.8,21.7,20,
26/04/2021,21.3,15.33,1385205,22.4,23,21.3,
23/04/2021,22.4,16.12,2188074,21.4,22.4,21.1,
22/04/2021,21.1,15.19,2396273,23.4,23.8,21.1,
20/04/2021,23.4,16.84,2008238,23.5,24.2,23.2,
19/04/2021,23.4,16.84,1307559,23,23.7,23,
16/04/2021,23,16.56,2699208,23.9,24.2,22.5,
15/04/2021,23.7,17.06,2461325,23.6,24.6,23.2,
14/04/2021,23.6,16.99,2117485,23.6,23.9,22.6,
13/04/2021,23.6,16.99,4378683,24.8,24.9,23.6,
12/04/2021,24.7,17.78,1623338,25.1,25.4,24.7,
09/04/2021,25.1,18.07,2963687,25,25.5,24.9,
08/04/2021,24.9,17.92,5771321,23.9,25.3,23.7,
07/04/2021,23.6,16.99,1595248,23.5,24.3,23.3,
06/04/2021,23.4,16.84,1912372,24,24,23.3,
05/04/2021,23.8,17.13,1640615,24,24.5,23.8,
02/04/2021,24,17.27,3009037,23.2,24.8,23.2,
01/04/2021,23.2,16.7,1889938,22.7,23.5,22.6,
31/03/2021,22.6,16.27,1674738,23,23.1,22.6,
30/03/2021,23,16.56,1248791,23,23.5,22.9,
29/03/2021,22.9,16.48,1512094,22.8,23.3,22.6,
26/03/2021,22.5,16.2,2754692,22.2,23.2,20.7,
25/03/2021,22.3,16.05,2195792,22.6,23.4,22.1,
24/03/2021,22.8,16.41,4565519,23.7,23.7,21.8,
23/03/2021,23.8,17.13,2282888,24.4,24.6,23.8,
22/03/2021,24.4,17.56,1987663,24.4,25.1,24,
19/03/2021,24.3,17.49,2075087,25,25.1,24.3,
18/03/2021,25,17.99,2671108,24.2,25.3,24.1,
17/03/2021,24,17.27,1706077,24,24.2,23.7,
16/03/2021,24,17.27,2486843,24.3,24.6,23.3,
15/03/2021,24.3,17.49,1666153,24.7,24.8,24.2,
12/03/2021,24.5,17.63,2038718,25.1,25.8,24.5,
11/03/2021,25,17.99,2068191,24.2,25,24,
10/03/2021,24,17.27,2422314,24.4,24.6,23.8,
09/03/2021,24.4,17.56,2491382,25,25,24.2,
08/03/2021,25,17.99,2324062,25.5,26,25,
05/03/2021,25,17.99,3530144,24.4,25.4,23.5,
04/03/2021,24.4,17.56,4733720,25.3,25.3,23,
03/03/2021,25,17.99,3698593,24.7,26,24.3,
02/03/2021,24.5,17.63,2229546,24.2,24.5,23.7,
01/03/2021,24.1,17.35,3067166,23.8,25.3,23.7,
26/02/2021,23.8,17.13,6573485,21.9,23.8,21.5,
25/02/2021,21.7,15.62,1914534,21.9,22.3,21.4,
24/02/2021,21.8,15.69,2637534,21.9,22.5,21.4,
23/02/2021,21.9,15.76,2256006,21.8,22.2,21.7,
22/02/2021,21.8,15.69,2088969,22.5,22.9,21.7,
19/02/2021,22.3,16.05,2541732,21.9,23.4,21.4,
18/02/2021,21.9,15.76,2255338,22.5,22.7,21.7,
17/02/2021,22.4,16.12,1768348,20.7,22.5,20.5,
09/02/2021,20.5,14.76,2275805,19.1,20.8,18.9,
08/02/2021,19.5,14.04,3245062,21.3,21.8,19.1,
05/02/2021,21.2,15.26,3092093,21.3,22.1,20.9,
04/02/2021,21.1,15.19,3983136,19.8,21.1,19.7,
03/02/2021,19.2,13.82,1588780,17.6,19.2,17.6,
02/02/2021,17.5,12.6,4277343,15.8,17.6,15.8,
01/02/2021,17.5,12.6,2832720,19.1,19.3,17.5,
29/01/2021,19.4,13.96,5442190,18.3,21,18.3,
28/01/2021,20.3,14.61,429552,21.3,21.3,20.3,
27/01/2021,22.5,16.2,4815939,24.9,25,22.5,
26/01/2021,24.9,17.92,5569663,26,27.8,24,
25/01/2021,26.6,19.15,4346192,24.2,26.6,24.2,
22/01/2021,24.2,17.42,5221515,22,24.2,22,
21/01/2021,22,15.84,4736008,20,22,19.6,
20/01/2021,20,14.4,3401192,20.5,20.8,18.6,
19/01/2021,20.9,14.76,6342147,21.8,22.9,19.2,
18/01/2021,21.3,15.04,4404671,19.7,21.3,19.7,
15/01/2021,19.4,13.7,3289629,18.2,19.6,18.2,
14/01/2021,18.2,12.85,1754578,18.4,18.7,18,
13/01/2021,18.4,13,3044463,18.3,19.3,18.3,
12/01/2021,18.3,12.92,3855307,17.5,18.8,17.4,
11/01/2021,17.5,12.36,2880435,16.9,17.6,16.9,
08/01/2021,16.9,11.94,2309110,17,17.3,16.7,
07/01/2021,17,12.01,2954503,16.6,17.2,16.3,
06/01/2021,16.6,11.72,2635714,16.6,17,16.3,
05/01/2021,16.5,11.65,2706918,16.6,16.8,16.3,
04/01/2021,16.6,11.72,5081735,15.7,16.8,15.7,
31/12/2020,15.6,11.02,1216898,15.6,15.8,15.5,
30/12/2020,15.6,11.02,1891905,15.9,16.1,15.5,
29/12/2020,15.9,11.23,4191270,15.1,16.2,15,
28/12/2020,15,10.59,1989317,15.2,15.5,14.9,
25/12/2020,15,10.59,1513812,14.7,15.2,14.4,
24/12/2020,14.7,10.38,2102661,15.3,15.3,14,
23/12/2020,15.3,10.81,2290772,15.3,15.6,15.2,
22/12/2020,15.3,10.81,4405446,15.7,15.7,15,
21/12/2020,15.7,11.09,3403491,16,16.1,15.6,
18/12/2020,16,11.3,1438719,15.8,16.1,15.8,
17/12/2020,15.8,11.16,3852461,15.6,16.5,15.4,
16/12/2020,15.6,11.02,2439421,15.6,15.9,15.5,
15/12/2020,15.6,11.02,1965954,15.8,16,15.5,
14/12/2020,15.8,11.16,3596114,15.1,15.9,15.1,
11/12/2020,15.1,10.66,2570326,14.8,15.1,14.7,
10/12/2020,14.8,10.45,2743051,15.1,15.4,14.8,
09/12/2020,15,10.59,2759156,15.1,15.6,15,
08/12/2020,15.1,10.66,2895981,15.1,15.4,14.8,
07/12/2020,15.1,10.66,3397585,14.9,15.4,14.9,
04/12/2020,14.8,10.45,3031753,14.7,15.4,14.6,
03/12/2020,14.7,10.38,2276058,15,15.3,14.7,
02/12/2020,15,10.59,8143925,13.7,15,13.6,
01/12/2020,13.7,9.68,2014341,13.2,13.8,13.2,
30/11/2020,13.7,9.68,1678800,14,14.1,13.7,
27/11/2020,13.9,9.82,1876739,14.2,14.3,13.9,
26/11/2020,14.1,9.96,1462202,13.9,14.1,13.8,
25/11/2020,13.9,9.82,3489386,13.9,14.3,13.8,
24/11/2020,13.8,9.75,2003307,13.8,14.1,13.6,
23/11/2020,13.8,9.75,1561601,13.8,14,13.5,
20/11/2020,13.8,9.75,3065744,14,14.2,13.7,
19/11/2020,14,9.89,2296708,13.9,14.3,13.8,
18/11/2020,13.9,9.82,2111354,14.1,14.2,13.8,
17/11/2020,14,9.89,4168083,13.4,14.4,13.3,
16/11/2020,13.4,9.46,2180290,13.7,14.1,13.3,
13/11/2020,13.6,9.61,2015720,13.4,13.6,13.2,
12/11/2020,13.4,9.46,3699493,13.4,13.7,13.2,
11/11/2020,13.4,9.46,968549,13.1,13.4,13.1,
10/11/2020,13.1,9.25,1967998,13.7,13.7,13.1,
09/11/2020,13.3,9.39,2810084,12.4,13.4,12.3,
06/11/2020,12.2,8.62,516519,12.3,12.5,12.2,
05/11/2020,12.3,8.69,979888,12.2,12.5,12.1,
04/11/2020,12.1,8.55,907272,11.8,12.1,11.8,
03/11/2020,11.9,8.4,631872,11.8,11.9,11.5,
02/11/2020,11.8,8.33,441193,11.6,11.8,11.6,
30/10/2020,11.6,8.19,970761,11.4,11.7,11.4,
29/10/2020,11.4,8.05,833458,11.4,11.5,11.2,
28/10/2020,11.4,8.05,1195771,11.7,11.8,11.4,
27/10/2020,11.7,8.26,1215979,12.2,12.2,11.7,
26/10/2020,12.2,8.62,1137613,12.7,12.7,12.2,
23/10/2020,12.7,8.69,1136147,12.8,12.9,12.7,
22/10/2020,12.8,8.76,546308,12.9,13,12.8,
21/10/2020,12.9,8.83,724443,13.3,13.3,12.9,
20/10/2020,13.3,9.1,768181,13,13.4,13,
19/10/2020,13,8.89,638872,12.8,13.1,12.8,
16/10/2020,12.9,8.83,463143,13,13.1,12.8,
15/10/2020,12.9,8.83,738392,13.2,13.2,12.9,
14/10/2020,13.1,8.96,607652,13.2,13.3,13.1,
13/10/2020,13.1,8.96,448799,13.1,13.2,13,
12/10/2020,13,8.89,907751,13.4,13.6,13,
09/10/2020,13.3,9.1,480870,13.3,13.5,13.2,
08/10/2020,13.3,9.1,1115218,13.5,13.6,13.2,
07/10/2020,13.5,9.24,935470,13.6,13.7,13.5,
06/10/2020,13.6,9.31,1475011,13.7,13.9,13.6,
05/10/2020,13.6,9.31,2381773,13.2,13.8,13.2,
02/10/2020,13.2,9.03,1308181,13.4,13.5,12.8,
01/10/2020,13.4,9.17,1356631,13.2,13.6,13.1,
30/09/2020,13.1,8.96,1068034,12.7,13.2,12.5,
29/09/2020,12.8,8.76,1234208,13.3,13.3,12.8,
28/09/2020,13.3,9.1,697130,13.4,13.4,13.2,
25/09/2020,13.2,9.03,1021978,13.3,13.4,13,
24/09/2020,13.3,9.1,854108,13.3,13.4,13.2,
23/09/2020,13.3,9.1,1027741,13.5,13.6,13.2,
22/09/2020,13.4,9.17,1362485,13.4,13.7,13.3,
21/09/2020,13.4,9.17,1971270,13.6,13.8,13.4,
18/09/2020,13.5,9.24,1545386,13.2,13.5,13.1,
17/09/2020,13.2,9.03,1103773,13.3,13.5,13.1,
16/09/2020,13.3,9.1,740586,13.5,13.5,13.2,
15/09/2020,13.4,9.17,2926741,12.8,13.5,12.8,
14/09/2020,12.8,8.76,904507,12.7,13,12.7,
11/09/2020,12.7,8.69,688044,12.8,12.9,12.7,
10/09/2020,12.8,8.76,982940,12.7,13.1,12.7,
09/09/2020,12.7,8.69,910514,12.7,12.7,12.5,
08/09/2020,12.7,8.69,1311907,12.6,12.7,12.5,
07/09/2020,12.6,8.62,1504844,12.6,13,12.6,
04/09/2020,12.6,8.62,2015818,12.6,12.8,12.2,
03/09/2020,12.6,8.62,2256310,11.8,12.8,11.8,
01/09/2020,11.8,8.07,267462,11.8,11.8,11.7,
31/08/2020,11.8,8.07,640490,12,12.1,11.7,
28/08/2020,11.9,8.14,613235,11.9,12.1,11.9,
27/08/2020,11.8,8.07,506939,12,12.1,11.8,
26/08/2020,11.9,8.14,1198633,11.8,12.1,11.8,
25/08/2020,11.9,8.14,980695,11.8,11.9,11.7,
24/08/2020,11.7,8.01,607878,11.8,11.9,11.7,
21/08/2020,11.6,7.94,526140,11.5,11.7,11.4,
20/08/2020,11.5,7.87,418729,11.5,11.6,11.4,
19/08/2020,11.5,7.87,257026,11.5,11.6,11.4,
18/08/2020,11.4,7.8,369543,11.5,11.6,11.4,
17/08/2020,11.5,7.87,452610,11.7,11.7,11.4,
14/08/2020,11.6,7.94,508985,12,12,11.5,
13/08/2020,11.9,8.14,883083,11.5,12.2,11.5,
12/08/2020,11.5,7.87,412254,11.5,11.7,11.5,
11/08/2020,11.5,7.87,435738,11.5,11.5,11.3,
10/08/2020,11.3,7.73,985576,11.3,11.5,11.2,
07/08/2020,11.3,7.73,483712,11.2,11.6,11.2,
06/08/2020,11.4,7.8,525870,11.5,11.5,11.2,
05/08/2020,11.5,7.87,573420,11.6,11.8,11.4,
04/08/2020,11.6,7.94,769356,11.4,11.7,11.3,
03/08/2020,11.2,7.66,663213,10.7,11.4,10.6,
31/07/2020,10.7,7.32,1051226,10.3,10.8,10.3,
30/07/2020,10.5,7.18,330399,10.5,10.8,10.3,
29/07/2020,10.5,7.18,836570,11.1,11.1,10,
28/07/2020,11.1,7.59,579350,10.2,11.1,10.1,
27/07/2020,10.4,7.12,1394560,11.5,11.5,10.4,
24/07/2020,11.5,7.87,1275817,12.3,12.5,11.3,
23/07/2020,12.3,8.42,589250,12.4,12.5,12.3,
22/07/2020,12.4,8.48,392496,12.4,12.7,12.3,
21/07/2020,12.4,8.48,403317,12.6,12.6,12.3,
20/07/2020,12.5,8.55,636174,12.8,12.8,12.5,
17/07/2020,12.9,8.83,447737,12.8,12.9,12.7,
16/07/2020,12.8,8.76,965427,12.5,12.9,12.5,
15/07/2020,12.4,8.48,488316,12.5,12.7,12.4,
14/07/2020,12.4,8.48,427145,12.5,12.5,12.3,
13/07/2020,12.4,8.48,535354,12.5,12.6,12.3,
10/07/2020,12.5,8.55,787210,12.5,12.8,12.2,
09/07/2020,12.5,8.55,903118,12.8,12.8,12.4,
08/07/2020,13.1,8.3,634253,12.8,13.1,12.7,
07/07/2020,13,8.24,592934,13.2,13.3,12.9,
06/07/2020,13.1,8.3,434015,13.2,13.3,13,
03/07/2020,13,8.24,848442,12.5,13.4,12.5,
02/07/2020,12.5,7.92,176622,12.5,12.5,12.3,
01/07/2020,12.5,7.92,342930,12.2,12.5,12,
30/06/2020,12.2,7.73,834400,12,12.4,11.8,
29/06/2020,11.9,7.54,1103976,12.8,12.8,11.8,
26/06/2020,12.8,8.11,719930,13,13.1,12.8,
25/06/2020,12.9,8.17,566315,13,13.2,12.9,
24/06/2020,13.2,8.36,535727,13.2,13.4,13,
23/06/2020,13.2,8.36,772924,13.4,13.5,13.2,
22/06/2020,13.4,8.49,603761,13.6,13.8,13.3,
19/06/2020,13.4,8.49,487508,13.2,13.6,13.2,
18/06/2020,13.2,8.36,807525,13.1,13.5,13,
17/06/2020,13.1,8.3,1102562,13.1,13.4,13.1,
16/06/2020,13.1,8.3,799228,13.2,13.4,13,
15/06/2020,12.9,8.17,1659846,13.6,13.8,12.8,
12/06/2020,13.6,8.62,1786696,13.3,13.7,12.2,
11/06/2020,13.3,8.43,2823120,14.9,14.9,13.3,
10/06/2020,14.4,9.12,1683805,14.5,14.9,14.3,
09/06/2020,14.5,9.19,1533236,15,15.2,14.5,
08/06/2020,14.9,9.44,3213090,15,15.6,14.7,
05/06/2020,14.8,9.38,3084096,14,15,13.9,
04/06/2020,14,8.87,1042505,13.9,14.3,13.8,
03/06/2020,13.8,8.74,711482,13.9,14,13.8,
02/06/2020,13.8,8.74,1801286,13.9,14.4,13.8,
01/06/2020,13.8,8.74,990689,13.7,14,13.6,
29/05/2020,13.6,8.62,1056859,13.8,13.8,13.5,
28/05/2020,13.8,8.74,1193098,13.9,14.2,13.8,
27/05/2020,13.8,8.74,1925187,14.6,14.7,13.8,
26/05/2020,14.5,9.19,3073580,14.1,14.8,14,
25/05/2020,14.1,8.93,2363383,13.5,14.1,13.3,
22/05/2020,13.5,8.55,1250307,13.8,13.9,13.5,
21/05/2020,13.8,8.74,1482717,13.6,14.1,13.5,
20/05/2020,13.5,8.55,1345346,13.4,13.7,13.2,
19/05/2020,13.4,8.49,1972533,14.1,14.1,13.4,
18/05/2020,13.6,8.62,1395140,13.5,14.2,13.5,
15/05/2020,13.4,8.49,2129628,13.6,13.8,13.4,
14/05/2020,13.7,8.68,1195132,13.6,13.8,13.3,
13/05/2020,13.6,8.62,1888630,14.1,14.4,13.6,
12/05/2020,13.8,8.74,3962755,12.6,13.8,12.6,
11/05/2020,12.6,7.98,928154,12.5,12.8,12.5,
08/05/2020,12.5,7.92,1498463,12.8,13.2,12.5,
07/05/2020,12.8,8.11,1449018,12.4,12.9,12.4,
06/05/2020,12.4,7.86,654831,12.3,12.5,12.2,
05/05/2020,12.2,7.73,729340,12.4,12.7,12.2,
04/05/2020,12.4,7.86,754660,12.3,12.7,12.2,
29/04/2020,12.2,7.73,1302032,12.3,12.7,12.2,
28/04/2020,12.3,7.79,1015063,12,12.5,12,
24/04/2020,12.3,7.79,527841,12.3,12.5,12,
23/04/2020,12.3,7.79,851220,13,13.3,12.3,
22/04/2020,12.7,8.05,1038658,11.5,12.7,11.2,
21/04/2020,11.6,7.35,2105713,12.6,12.7,11.5,
20/04/2020,12.7,8.05,1927613,13.2,13.5,12.7,
17/04/2020,13,8.24,1828149,13,13.4,12.9,
16/04/2020,13.2,8.36,1492798,14.2,14.2,13.1,
15/04/2020,13.5,8.55,2484612,13,13.8,13,
14/04/2020,12.6,7.98,2200554,11.5,12.6,11.5,
13/04/2020,11.5,7.29,1229142,11.4,11.9,11.4,
10/04/2020,11.7,7.41,1332347,12.8,13,11.5,
09/04/2020,12.3,7.79,1527675,12,12.7,11.7,
08/04/2020,11.6,7.35,1981939,11.6,11.6,10.7,
07/04/2020,10.6,6.72,2502497,10.6,10.6,9.8,
06/04/2020,9.7,6.15,966363,9.2,9.7,9,
03/04/2020,8.9,5.64,707249,8.1,8.9,8.1,
01/04/2020,8.1,5.13,685816,7.8,8.3,7.8,
31/03/2020,7.7,4.88,937177,7.2,8.4,7.2,
30/03/2020,8,5.07,1268341,8.7,8.7,7.9,
27/03/2020,8.7,5.51,757562,9.1,9.3,8.7,
26/03/2020,9.1,5.76,975263,9.6,9.8,9,
25/03/2020,9.8,6.21,1976943,8.6,9.8,8.2,
24/03/2020,9.1,5.76,2237060,9.1,9.6,9.1,
23/03/2020,10.1,6.4,974085,10.5,10.9,10.1,
20/03/2020,11.2,7.1,813472,12,12.4,11.1,
19/03/2020,12,7.6,817794,12.5,12.6,12,
18/03/2020,12.7,8.05,1072110,13.2,13.2,12.7,
17/03/2020,13.2,8.36,431930,13,13.2,12.6,
16/03/2020,13.1,8.3,348390,13.8,13.8,13,
13/03/2020,13.6,8.62,869276,13.2,13.6,12.2,
12/03/2020,13.2,8.36,1076997,12.9,13.7,12.3,
11/03/2020,12.9,8.17,1055650,13,13.2,12.5,
10/03/2020,12.8,8.11,752270,12.5,13,11.8,
09/03/2020,12.6,7.98,1333000,13.7,13.7,12.6,
06/03/2020,13.9,8.81,263173,14,14.1,13.9,
05/03/2020,14.2,9,736470,14.1,14.3,14.1,
04/03/2020,14.1,8.93,507208,13.9,14.1,13.8,
03/03/2020,13.9,8.81,508178,14,14.2,13.8,
02/03/2020,13.8,8.74,486222,13.9,13.9,13.7,
28/02/2020,13.8,8.74,480580,13.7,14,13.6,
27/02/2020,14.1,8.93,178866,13.8,14.1,13.8,
26/02/2020,13.8,8.74,380355,13.9,14.1,13.8,
25/02/2020,14.1,8.93,618470,13.4,14.2,13.2,
24/02/2020,13.7,8.68,1574278,14.6,14.8,13.7,
21/02/2020,14.9,9.44,606203,15.4,15.4,14.9,
20/02/2020,15.4,9.76,496567,15.8,16,15.2,
19/02/2020,16,9.64,777820,16.3,16.3,16,
18/02/2020,16.3,9.82,1054857,15.9,16.5,15.6,
17/02/2020,15.9,9.58,878498,16,16.3,15.8,
14/02/2020,16.2,9.76,726718,16.6,16.6,16.1,
13/02/2020,16.4,9.88,1836202,16.7,17.2,16.3,
12/02/2020,16.2,9.76,1457150,15.3,16.4,15.3,
11/02/2020,15.2,9.16,304860,15.1,15.4,15.1,
10/02/2020,15.1,9.1,362249,15.4,15.5,14.9,
07/02/2020,15.3,9.22,584629,15.7,15.7,15.2,
06/02/2020,15.4,9.28,986451,14.7,15.5,14.7,
05/02/2020,14.5,8.74,527182,14.4,14.7,14.4,
04/02/2020,14.2,8.55,1200179,14.6,15,14.1,
03/02/2020,14.6,8.8,1345689,15.4,15.6,14,
31/01/2020,15.5,9.34,912270,16.3,16.5,15.5,
30/01/2020,16.3,9.82,1253573,16.6,17.2,15.9,
22/01/2020,16.7,10.06,1409227,15.8,16.9,15.8,
21/01/2020,15.5,9.34,748098,15.5,15.6,15.1,
20/01/2020,15.5,9.34,319215,15.6,15.8,15.5,
17/01/2020,15.6,9.4,284450,15.8,15.9,15.5,
16/01/2020,15.8,9.52,467220,15.5,15.9,15.5,
15/01/2020,15.5,9.34,347018,15.5,15.6,15.3,
14/01/2020,15.4,9.28,246448,15.4,15.6,15.3,
13/01/2020,15.4,9.28,439510,15.7,15.7,15.4,
10/01/2020,15.7,9.46,552445,15.9,16,15.6,
09/01/2020,15.8,9.52,377388,16.2,16.2,15.7,
08/01/2020,15.4,9.28,761870,16,16.1,15.4,
07/01/2020,16.1,9.7,1312062,15.5,16.2,15.4,
06/01/2020,15.3,9.22,737325,15.1,15.6,15,
03/01/2020,15.1,9.1,235280,15,15.2,15,
02/01/2020,15,9.04,166570,15,15.1,14.9,
31/12/2019,14.9,8.98,383559,15.2,15.2,14.9,
30/12/2019,15.2,9.16,291082,15.5,15.5,15.2,
27/12/2019,15.5,9.34,235850,15.4,15.6,15.3,
26/12/2019,15.3,9.22,546387,15.2,15.6,15.2,
25/12/2019,15.3,9.22,1598702,15.3,15.5,15.2,
24/12/2019,15.3,9.22,424765,15.5,15.6,15.3,
23/12/2019,15.5,9.34,528156,15.8,15.9,15.5,
20/12/2019,15.8,9.52,1945653,15.5,15.9,15.4,
19/12/2019,15.5,9.34,952021,15,15.8,15,
18/12/2019,14.9,8.98,172738,14.8,15,14.8,
17/12/2019,14.8,8.92,1386520,15.1,15.1,14.8,
16/12/2019,15.1,9.1,290000,15.2,15.3,15,
13/12/2019,15.1,9.1,371459,14.9,15.3,14.9,
12/12/2019,14.9,8.98,1301940,14.8,15.1,14.8,
11/12/2019,14.8,8.92,270369,14.5,14.9,14.5,
10/12/2019,14.5,8.74,161030,14.5,14.6,14.4,
09/12/2019,14.5,8.74,336871,14.5,14.7,14.4,
06/12/2019,14.6,8.8,358712,15,15,14.5,
05/12/2019,15,9.04,272453,15.2,15.2,15,
04/12/2019,15.1,9.1,403466,14.9,15.3,14.9,
03/12/2019,15,9.04,360710,15.1,15.3,14.9,
02/12/2019,15.1,9.1,652500,15.5,15.6,15.1,
29/11/2019,15.3,9.22,470404,15.5,15.6,15.2,
28/11/2019,15.5,9.34,1028076,14.8,15.5,14.7,
27/11/2019,14.9,8.98,976466,15.2,15.3,14.8,
26/11/2019,15.3,9.22,1138935,15.1,15.5,15.1,
25/11/2019,15.1,9.1,903611,14.4,15.1,14.4,
22/11/2019,14.3,8.61,708510,14,14.6,14,
21/11/2019,14.1,8.49,275703,14.3,14.4,14,
20/11/2019,14.3,8.61,227376,14.3,14.3,14.1,
19/11/2019,14.2,8.55,303430,14.2,14.4,14.1,
18/11/2019,14.2,8.55,400078,14.6,14.6,14.1,
15/11/2019,14.6,8.8,346780,14.5,14.8,14.5,
14/11/2019,14.5,8.74,639378,14.8,15,14.4,
13/11/2019,14.8,8.92,634330,15.4,15.4,14.8,
12/11/2019,15.3,9.22,310650,15.5,15.5,15.3,
11/11/2019,15.5,9.34,176909,15.7,15.8,15.5,
08/11/2019,15.7,9.46,443341,15.5,15.7,15.5,
07/11/2019,15.5,9.34,361574,15.5,15.6,15.4,
06/11/2019,15.5,9.34,643656,15.7,15.7,15.4,
05/11/2019,15.7,9.46,339990,15.7,15.8,15.6,
04/11/2019,15.7,9.46,511704,15.8,16.1,15.7,
01/11/2019,15.8,9.52,1121998,15.3,16.1,15.3,
31/10/2019,15.3,9.22,731979,15.7,15.8,15.3,
30/10/2019,15.6,9.4,573362,15.7,15.8,15.6,
29/10/2019,15.8,9.52,865858,16,16.1,15.6,
28/10/2019,16.1,9.7,413850,16.2,16.3,16,
25/10/2019,16.2,9.76,501992,16,16.2,15.9,
24/10/2019,15.9,9.58,615265,16.2,16.2,15.9,
23/10/2019,16.1,9.7,396154,16.1,16.3,16.1,
22/10/2019,16.1,9.7,425704,16.4,16.5,16,
21/10/2019,16.4,9.88,1175300,16.8,17,15.9,
18/10/2019,16.8,10.12,2118876,17.5,17.5,16.6,
17/10/2019,17.5,10.54,710120,17.8,17.8,17.5,
16/10/2019,17.7,10.66,550000,18,18,17.7,
15/10/2019,18,10.84,986856,17.9,18.2,17.7,
14/10/2019,17.8,10.72,587915,18,18.1,17.7,
11/10/2019,17.9,10.78,467185,17.9,18,17.7,
10/10/2019,17.9,10.78,1394046,18.3,18.3,17.7,
09/10/2019,18.2,10.96,667377,18,18.4,18,
08/10/2019,18.1,10.9,437708,18.2,18.4,18.1,
07/10/2019,18.2,10.96,506006,18.1,18.6,18.1,
04/10/2019,18.4,11.08,2499414,17.9,19,17.9,
03/10/2019,18,10.84,524811,17.7,18,17.6,
02/10/2019,17.6,10.6,1150330,17.9,18.1,17.6,
01/10/2019,17.8,10.72,1516173,18.2,18.2,17.7,
30/09/2019,18.2,10.96,862528,18.5,18.6,18.1,
27/09/2019,18.5,11.14,1204110,18.5,18.7,18.3,
26/09/2019,18.5,11.14,1661248,18,18.7,17.9,
25/09/2019,18.1,10.9,575464,18,18.3,17.9,
24/09/2019,18,10.84,1261792,18,18.3,17.9,
23/09/2019,17.8,10.72,573065,17.9,18.2,17.6,
20/09/2019,17.8,10.72,363190,18,18,17.7,
19/09/2019,17.9,10.78,406490,18,18,17.7,
18/09/2019,17.9,10.78,388897,17.6,18.2,17.5,
17/09/2019,17.8,10.72,731026,17.8,18.1,17.7,
16/09/2019,17.7,10.66,1331857,18.4,18.6,17.7,
13/09/2019,18.4,11.08,451276,18.5,18.6,18.3,
12/09/2019,18.5,11.14,901544,18,18.5,18,
11/09/2019,18,10.84,174640,17.9,18.1,17.9,
10/09/2019,18,10.84,610682,17.8,18.3,17.7,
09/09/2019,17.9,10.78,367154,17.7,17.9,17.6,
06/09/2019,17.7,10.66,458229,18,18,17.7,
05/09/2019,17.8,10.72,377018,18,18.2,17.7,
04/09/2019,17.8,10.72,615716,18,18.1,17.6,
03/09/2019,18,10.84,652763,18.3,18.5,18,
30/08/2019,18.2,10.96,552280,18.4,18.6,18.1,
29/08/2019,18.3,11.02,735835,18.1,18.5,18,
28/08/2019,18.2,10.96,675650,18.5,18.7,18.2,
27/08/2019,18.6,11.2,757680,18.6,19,18.4,
26/08/2019,18.6,11.2,1118040,18.7,19.3,18.5,
23/08/2019,18.8,11.33,1153059,19,19.2,18.7,
22/08/2019,19,11.45,1993120,18.1,19.2,18.1,
21/08/2019,18.1,10.9,794829,18.3,18.3,17.8,
20/08/2019,18,10.84,840852,18.1,18.3,17.8,
19/08/2019,18.1,10.9,528767,18.3,18.4,18,
16/08/2019,18.2,10.96,768084,18.3,18.6,18.2,
15/08/2019,18.3,11.02,1074591,18,18.3,17.5,
14/08/2019,18.2,10.96,1488618,17.7,18.6,17.7,
13/08/2019,17.5,10.54,976025,17.9,18,17.5,
12/08/2019,17.9,10.78,1413183,18.8,18.8,17.6,
09/08/2019,18.5,11.14,976662,18.8,19.2,18.4,
08/08/2019,18.7,11.27,797385,18.3,18.8,18.2,
07/08/2019,18.3,11.02,1177331,19,19.1,18.2,
06/08/2019,19,11.45,641130,19.4,19.4,18.6,
05/08/2019,19.4,11.69,852906,19.9,19.9,19.3,
02/08/2019,19.7,11.87,1529051,18.7,19.9,18.4,
01/08/2019,18.6,11.2,492960,18.5,19,18.5,
31/07/2019,18.5,11.14,769161,19,19.2,18.4,
30/07/2019,18.9,11.39,2306033,20.3,20.4,18.8,
29/07/2019,20.3,12.23,585368,20.6,20.6,20.2,
26/07/2019,20.6,12.41,441277,20.6,20.8,20.4,
25/07/2019,20.6,12.41,675681,20.5,20.9,20.4,
24/07/2019,20.5,12.35,1124408,20.8,21,20.5,
23/07/2019,20.8,12.53,906262,21.2,21.3,20.8,
22/07/2019,21.1,12.71,919339,21.7,21.8,21,
19/07/2019,21.6,13.01,1728634,21.2,21.7,20.8,
18/07/2019,21.1,12.71,780039,21.3,21.4,21,
17/07/2019,21.2,12.77,1332374,21.4,21.6,21.1,
16/07/2019,21.3,12.83,1019599,21.7,22,21.1,
15/07/2019,21.5,12.95,872295,21,21.5,20.9,
12/07/2019,20.9,12.59,1453486,21.3,21.5,20.9,
11/07/2019,21.3,12.83,1138849,21.7,22,21.3,
10/07/2019,21.7,13.07,602441,21.6,22,21.6,
09/07/2019,21.6,13.01,634140,22,22,21.3,
08/07/2019,21.4,12.89,1696050,21.9,22,21.3,
05/07/2019,21.9,13.19,1284849,21.9,22.5,21.6,
04/07/2019,21.8,13.13,939263,22,22.5,21.6,
03/07/2019,22,13.25,1535290,21.6,22.2,21.4,
02/07/2019,21.6,13.01,1689731,21.5,22.1,21.3,
01/07/2019,21.5,12.95,1654594,22,22.3,21.4,
28/06/2019,21.6,13.01,2116291,20.2,21.6,19.9,
27/06/2019,20.1,12.11,1455646,20.8,20.8,20,
26/06/2019,20.7,12.47,2232352,20,21,20,
25/06/2019,19.7,11.87,2481917,19.5,20.3,19.5,
24/06/2019,19.5,11.75,779213,18.8,19.5,18.8,
21/06/2019,18.9,11.39,438140,19,19.2,18.9,
20/06/2019,19,11.45,832962,19.1,19.2,18.8,
19/06/2019,18.8,11.33,591307,18.8,19.2,18.8,
18/06/2019,18.7,11.27,812510,18.5,18.7,18,
17/06/2019,18.4,11.08,623770,18.6,18.9,18.4,
14/06/2019,18.6,11.2,482031,19.2,19.2,18.6,
13/06/2019,19,11.45,872510,19,19.5,18.9,
12/06/2019,22.4,11.24,1240045,22.7,22.9,22.3,
11/06/2019,22.7,11.4,573430,22.9,23,22.7,
10/06/2019,22.9,11.5,624802,23.2,23.3,22.8,
07/06/2019,22.9,11.5,821120,22.5,23,22.5,
06/06/2019,22.4,11.24,847075,22.4,22.6,21.8,
05/06/2019,22.6,11.34,689348,22.7,23.1,22.6,
04/06/2019,22.6,11.34,546759,22.4,22.7,22.3,
03/06/2019,22.2,11.14,1450639,22.4,23,21.8,
31/05/2019,22.4,11.24,2413710,23.9,24,22.4,
30/05/2019,23.9,12,861289,24.2,24.4,23.9,
29/05/2019,24.2,12.15,898741,24.3,24.5,24,
28/05/2019,24.3,12.2,1831973,23.4,24.4,23.2,
27/05/2019,23.4,11.75,740802,23.4,23.4,23,
24/05/2019,23.4,11.75,2819079,23,23.8,23,
23/05/2019,23,11.55,892578,22.3,23,22.3,
22/05/2019,22.3,11.19,1111957,22.8,22.9,22.2,
21/05/2019,22.7,11.4,950200,23.1,23.3,22.7,
20/05/2019,22.8,11.45,1710922,22.1,23,22,
17/05/2019,22,11.04,727305,22.1,22.3,21.9,
16/05/2019,22.1,11.09,663030,22.5,22.5,22,
15/05/2019,22.2,11.14,944372,22.4,22.6,22,
14/05/2019,22.4,11.24,1173583,21.2,22.4,21.2,
13/05/2019,21.6,10.84,558090,21.6,21.9,21.5,
10/05/2019,21.6,10.84,947611,21.1,21.9,20.8,
09/05/2019,21,10.54,886163,20.8,21.4,20.8,
08/05/2019,20.8,10.44,293721,20.8,20.8,20.5,
07/05/2019,20.8,10.44,359500,21.1,21.2,20.7,
06/05/2019,21,10.54,1268770,20.5,21.3,19.9,
03/05/2019,20.5,10.29,424581,20.4,20.8,20.3,
02/05/2019,20.6,10.34,495572,21.2,21.2,20.6,
26/04/2019,21,10.54,403981,20.9,21.1,20.7,
25/04/2019,20.9,10.49,499508,21,21.2,20.8,
24/04/2019,21.1,10.59,405714,21,21.3,20.9,
23/04/2019,20.7,10.39,675673,20.5,21,20.3,
22/04/2019,20.4,10.24,1510639,21.3,21.7,20.1,
19/04/2019,21.8,10.94,489390,21.5,22,21.5,
18/04/2019,21.5,10.79,1192893,22,22.2,21.2,
17/04/2019,22,11.04,2162848,23.3,23.3,21.8,
16/04/2019,23.1,11.6,942832,23.5,23.5,22.8,
12/04/2019,23.2,11.65,1748704,23.4,24.2,23.1,
11/04/2019,23.5,11.8,853914,23.2,23.7,23.1,
10/04/2019,23.1,11.6,752230,23.4,23.5,22.9,
09/04/2019,23.4,11.75,2431326,23,24,22.9,
08/04/2019,22.9,11.5,1180898,23,23,22.5,
05/04/2019,22.9,11.5,539951,23,23.1,22.7,
04/04/2019,22.8,11.45,1261200,23,23.4,22.8,
03/04/2019,22.9,11.5,963591,22.2,23,21.8,
02/04/2019,22.2,11.14,844222,22.9,23.1,22.2,
01/04/2019,22.7,11.4,586878,22.7,23,22.5,
29/03/2019,22.5,11.29,761990,22.7,23.2,22.5,
28/03/2019,22.5,11.29,661080,22.5,22.8,22.2,
27/03/2019,22.8,11.45,901342,22.5,22.9,22.5,
26/03/2019,22.5,11.29,813125,21.6,22.5,21.5,
25/03/2019,21.4,10.74,1163150,21.2,21.7,20.7,
22/03/2019,22,11.04,1745967,22,22.3,21.2,
21/03/2019,21.5,10.79,1233254,23.5,23.5,21.5,
20/03/2019,23.3,11.7,1431549,22.8,23.5,22.4,
19/03/2019,22.9,11.5,1373723,23.3,23.7,22.8,
18/03/2019,23.3,11.7,3094484,24.6,24.9,23,
15/03/2019,24.6,12.35,1430383,23.8,25,23.8,
14/03/2019,23.8,11.95,931799,23.8,24.3,23.7,
13/03/2019,23.8,11.95,1575268,23.5,24,21.6,
12/03/2019,24,12.05,1704896,24.2,24.8,23.5,
11/03/2019,24.2,12.15,1610034,23,24.4,22.6,
08/03/2019,22.9,11.5,2338104,22.2,23.8,21.7,
07/03/2019,22.5,11.29,960867,23.5,23.9,22.5,
06/03/2019,23.3,11.7,2605794,21.1,23.3,20.6,
05/03/2019,21.2,10.64,1891305,21.2,21.8,21,
04/03/2019,21.1,10.59,1930995,21,21.9,21,
01/03/2019,20.7,10.39,2766193,19,20.7,19,
28/02/2019,18.9,9.49,1221305,19.7,19.9,18.9,
27/02/2019,19.5,9.79,1630024,19,19.7,18.7,
26/02/2019,18.7,9.39,793629,18.6,18.9,18.6,
25/02/2019,18.6,9.34,1152018,19,19.1,18.6,
22/02/2019,18.9,9.49,1320015,19.2,19.4,18.9,
21/02/2019,19.2,9.64,828573,19.4,19.5,19,
20/02/2019,19.4,9.74,943896,19.3,19.5,18.9,
19/02/2019,19.3,9.69,2797328,19.2,19.9,19.2,
18/02/2019,19.1,9.59,1004998,18.9,19.1,18.6,
15/02/2019,18.8,9.44,768536,19,19.1,18.6,
14/02/2019,19,9.54,1721247,18.8,19.5,18.8,
13/02/2019,18.8,9.44,619487,18.6,18.8,18.6,
12/02/2019,18.5,9.29,933209,18.7,19,18.5,
11/02/2019,18.7,9.39,1695044,17.8,18.9,17.8,
01/02/2019,17.8,8.94,337580,17.6,17.8,17.4,
31/01/2019,17.5,8.78,233627,17.3,17.5,17.3,
30/01/2019,17.3,8.68,364972,17.4,17.6,17.3,
29/01/2019,17.4,8.73,690959,17.3,17.8,16.9,
28/01/2019,17.3,8.68,450427,17.5,17.5,17.1,
25/01/2019,17.4,8.73,576262,17.7,17.8,17.3,
24/01/2019,17.8,8.94,930195,17.8,18.3,17.7,
23/01/2019,17.8,8.94,544022,17.8,18.2,17.5,
22/01/2019,17.8,8.94,596616,18.1,18.1,17.7,
21/01/2019,18.1,9.09,1264144,17.4,18.7,17.4,
18/01/2019,17.2,8.63,784397,17.5,17.6,17.2,
17/01/2019,17.4,8.73,600287,17.6,18,17.4,
16/01/2019,17.6,8.84,636092,18.2,18.2,17.4,
15/01/2019,18,9.04,1631944,16.8,18.2,16.8,
14/01/2019,16.6,8.33,462710,16.5,17.1,16.5,
11/01/2019,16.5,8.28,307582,16.6,16.6,16.4,
10/01/2019,16.5,8.28,306720,16.7,16.7,16.4,
09/01/2019,16.7,8.38,682652,16.3,16.8,16.3,
08/01/2019,16.3,8.18,364624,16.2,16.4,16.1,
07/01/2019,16.2,8.13,282510,16.3,16.5,16,
04/01/2019,16,8.03,635000,15.7,16.3,15.1,
03/01/2019,15.8,7.93,811609,16.2,16.3,15.7,
02/01/2019,16.3,8.18,352180,16.9,17,16.3,
28/12/2018,16.6,8.33,1008872,17,17.1,16.6,
27/12/2018,16.9,8.48,646905,16.9,17.8,16.9,
26/12/2018,16.7,8.38,498963,16.8,17.2,16.7,
25/12/2018,16.7,8.38,2203033,17.2,17.3,15.9,
24/12/2018,17.5,8.78,675364,18.1,18.2,17.5,
21/12/2018,18.2,9.14,921891,18,18.2,17.8,
20/12/2018,18.1,9.09,1002739,17.7,18.3,17.7,
19/12/2018,17.8,8.94,611958,18.3,18.3,17.6,
18/12/2018,18.1,9.09,1836870,18.3,18.3,17.7,
17/12/2018,18.5,9.29,1358474,19,19.1,18.5,
14/12/2018,19.2,9.64,765151,19.4,19.4,19,
13/12/2018,19.4,9.74,1316498,19.1,19.7,19,
12/12/2018,19,9.54,445714,19.3,19.3,18.9,
11/12/2018,19,9.54,784674,19.5,19.5,18.8,
10/12/2018,19.1,9.59,1216519,18.3,19.3,18.3,
07/12/2018,18.3,9.19,976126,18,18.5,17.9,
06/12/2018,18,9.04,822750,18.4,18.4,17.8,
05/12/2018,18.3,9.19,1409500,18.4,18.6,18,
04/12/2018,18.5,9.29,744401,18.2,18.7,18.1,
03/12/2018,18.2,9.14,1007872,18,18.4,17.8,
30/11/2018,17.5,8.78,993830,18,18.1,17.4,
29/11/2018,18,9.04,556204,17.9,18.5,17.8,
28/11/2018,17.8,8.94,1582607,18.2,18.4,17.5,
27/11/2018,18.2,9.14,2053807,19.2,19.4,18,
26/11/2018,19.2,9.64,594911,19,19.7,19,
23/11/2018,19.2,9.64,955006,19.5,19.7,19.2,
22/11/2018,19.5,9.79,885600,19.8,20.3,19.5,
21/11/2018,19.8,9.94,1190302,19.3,20,18.8,
20/11/2018,19.4,9.74,755355,18.8,19.6,18.4,
19/11/2018,18.9,9.49,2520815,19,19.2,18.4,
16/11/2018,19,9.54,2837192,19.5,20.7,19,
15/11/2018,19.3,9.69,1324492,19.6,19.7,19,
14/11/2018,19.6,9.84,1802488,19.7,20.2,19.1,
13/11/2018,19.7,9.89,4325700,18.1,19.9,17.6,
12/11/2018,18.1,9.09,883044,17.3,18.1,17,
09/11/2018,17.4,8.73,990615,17.6,17.8,17.2,
08/11/2018,17.7,8.89,1195422,18.1,18.8,17.7,
07/11/2018,17.7,8.89,1337593,17.5,17.7,17.1,
06/11/2018,17.4,8.73,1303832,18,18.2,17.2,
05/11/2018,17.9,8.99,1468233,18,18.1,17.4,
02/11/2018,17.7,8.89,2596357,16.8,17.9,16.5,
01/11/2018,16.4,8.23,1423941,16.9,17.2,16.4,
31/10/2018,16.9,8.48,1191789,15.7,16.9,15.7,
30/10/2018,15.4,7.73,911512,15.5,15.9,15.2,
29/10/2018,15.6,7.83,476301,15.8,15.8,15.4,
26/10/2018,15.8,7.93,586347,16.6,16.7,15.8,
25/10/2018,16.2,8.13,1633975,15.4,16.3,14.5,
24/10/2018,15.6,7.83,971129,16.3,16.3,15.6,
23/10/2018,16.2,8.13,1318291,16.7,16.7,15.7,
22/10/2018,16.6,8.33,940034,17.1,17.4,16.5,
19/10/2018,17,8.53,1376084,16.5,17.3,16,
18/10/2018,16.5,8.28,1335856,16.2,17.1,15.8,
17/10/2018,16.2,8.13,887235,16.2,16.6,16,
16/10/2018,16,8.03,804046,15.5,16,15.3,
15/10/2018,15.7,7.88,1161924,16,16.1,15.7,
12/10/2018,15.7,7.88,1495342,14.3,15.7,14.3,
11/10/2018,14.3,7.18,2861405,15.4,15.4,13.9,
10/10/2018,15.4,7.73,1714461,17.3,17.3,15.4,
09/10/2018,17.1,8.58,424989,17.2,17.4,17,
08/10/2018,17,8.53,820202,17.3,17.3,16.9,
05/10/2018,17.3,8.68,2002635,17.7,18.2,17.3,
04/10/2018,17.8,8.94,1433612,17.1,17.9,17,
03/10/2018,17,8.53,862993,16.8,17.2,16.8,
02/10/2018,17,8.53,1074448,16.9,17.5,16.6,
01/10/2018,16.8,8.43,2301945,17.5,17.5,16.2,
28/09/2018,17.5,8.78,2372131,17.6,18.4,17.3,
27/09/2018,17.6,8.84,1741743,18.7,18.8,17.6,
26/09/2018,18.7,9.39,1991486,17.9,19.3,17.4,
25/09/2018,17.7,8.89,2354108,16.5,18,16.5,
24/09/2018,16.5,8.28,2010873,15.2,16.5,15.2,
21/09/2018,15.2,7.63,1788265,15.4,15.7,14.8,
20/09/2018,15.5,7.78,2475918,16.8,16.8,15.1,
19/09/2018,15.4,7.73,1421536,14.5,15.4,14.5,
18/09/2018,14,7.03,2799582,12.8,14,12.8,
17/09/2018,12.8,6.43,878770,13,13.2,12.8,
14/09/2018,12.9,6.48,645110,12.8,13,12.7,
13/09/2018,12.8,6.43,700630,12.9,13.2,12.7,
12/09/2018,12.8,6.43,510929,13.1,13.2,12.6,
11/09/2018,13,6.53,1000317,12.5,13,12.3,
10/09/2018,12.4,6.22,343095,12.5,12.6,12.3,
07/09/2018,12.5,6.27,827289,12.2,12.6,12.1,
06/09/2018,12.2,6.12,440282,12.4,12.4,12,
05/09/2018,12.4,6.22,944990,12.3,12.6,12.2,
04/09/2018,12.2,6.12,666709,12.1,12.4,12,
31/08/2018,12,6.02,1273252,11.6,12.5,11.6,
30/08/2018,11.6,5.82,268661,11.4,11.6,11.4,
29/08/2018,11.5,5.77,130527,11.8,11.8,11.4,
28/08/2018,11.5,5.77,132986,11.5,11.6,11.4,
27/08/2018,11.4,5.72,264657,11.6,11.6,11.4,
24/08/2018,11.6,5.82,390043,11.7,11.7,11.5,
23/08/2018,11.7,5.87,169590,11.7,11.7,11.6,
22/08/2018,11.7,5.87,366379,11.5,11.8,11.5,
21/08/2018,11.5,5.77,242418,11.7,11.8,11.5,
20/08/2018,11.6,5.82,361610,11.6,11.9,11.6,
17/08/2018,11.6,5.82,688300,11.2,11.7,11.2,
16/08/2018,11.1,5.57,95782,11.1,11.2,11,
15/08/2018,11.1,5.57,163916,11.1,11.3,10.5,
14/08/2018,11.2,5.62,113885,11.1,11.3,11.1,
13/08/2018,11.1,5.57,230420,11.2,11.3,11.1,
10/08/2018,11.3,5.67,115900,11.4,11.4,11.2,
09/08/2018,11.5,5.77,202381,11.4,11.5,11.2,
08/08/2018,11.3,5.67,277550,11.6,11.7,11.3,
07/08/2018,11.6,5.82,113222,11.3,11.7,11.3,
06/08/2018,11.4,5.72,108871,11.3,11.7,11.3,
03/08/2018,11.6,5.82,256300,11.5,11.7,11.5,
02/08/2018,11.6,5.82,58800,11.6,11.6,11.4,
01/08/2018,11.6,5.82,95020,11.9,11.9,11.6,
31/07/2018,11.9,5.97,362712,11.5,11.9,11.4,
30/07/2018,11.5,5.77,116113,11.4,11.5,11.3,
27/07/2018,11.4,5.72,107458,11.2,11.6,11.2,
26/07/2018,11.3,5.67,117360,11.4,11.5,11.2,
25/07/2018,11.3,5.67,167483,11.5,11.6,11.3,
24/07/2018,11.7,5.87,267100,11.8,11.8,11.4,
23/07/2018,11.7,5.87,279530,11.8,12,11.7,
20/07/2018,11.7,5.87,458318,11.3,11.9,11.3,
19/07/2018,11.2,5.62,245700,11,11.4,11,
18/07/2018,10.9,5.47,179766,10.8,10.9,10.7,
17/07/2018,10.8,5.42,234108,10.3,10.8,10.3,
16/07/2018,10.3,5.17,192600,10.3,10.4,10.1,
13/07/2018,10.1,5.07,111510,10.2,10.3,10.1,
12/07/2018,9.9,4.97,97900,10.1,10.1,9.9,
11/07/2018,9.8,4.92,66710,10,10.1,9.8,
10/07/2018,10.2,5.12,62600,10.2,10.2,10.1,
09/07/2018,10.1,5.07,32000,10,10.3,10,
06/07/2018,10.2,5.12,247910,9.8,10.2,9.8,
05/07/2018,9.9,4.97,99800,10.1,10.1,9.8,
04/07/2018,10.1,5.07,76900,10.1,10.1,9.9,
03/07/2018,9.9,4.97,138590,10.2,10.2,9.9,
02/07/2018,10.1,5.07,167965,10.4,10.4,10.1,
29/06/2018,10.4,5.22,67234,10.4,10.5,10.3,
28/06/2018,10.4,5.22,108100,9.6,10.6,9.6,
27/06/2018,10.6,5.32,103766,10.6,10.9,10.6,
26/06/2018,10.6,5.32,75300,10.9,10.9,10.5,
25/06/2018,10.6,5.32,143430,11.2,11.2,10.4,
22/06/2018,12.2,5.1,65786,12.2,12.3,12.2,
21/06/2018,12.2,5.1,56500,12.2,12.3,12.1,
20/06/2018,12.3,5.15,107554,12.1,12.3,12.1,
19/06/2018,12.1,5.06,227880,12.5,12.5,11.8,
18/06/2018,12.6,5.27,95032,12.9,12.9,12.5,
15/06/2018,12.8,5.35,64500,12.9,13,12.8,
14/06/2018,12.9,5.4,209100,12.9,13.1,12.7,
13/06/2018,12.8,5.35,124833,12.7,12.9,12.6,
12/06/2018,12.7,5.31,235450,12.8,12.8,12.3,
11/06/2018,12.8,5.35,1134785,13.1,13.2,12.8,
08/06/2018,13.2,5.52,217720,13.2,13.4,13.1,
07/06/2018,13.3,5.56,232646,13.6,13.7,13.2,
06/06/2018,13.5,5.65,1186000,12.7,13.6,12.7,
05/06/2018,12.6,5.27,257752,12.5,12.8,12.4,
04/06/2018,12.5,5.23,119510,12.4,12.7,12.4,
01/06/2018,12.4,5.19,156100,12.4,12.5,12.2,
31/05/2018,12.4,5.19,99524,12.1,12.4,12.1,
30/05/2018,12.1,5.06,131500,12.2,12.3,12,
29/05/2018,12.2,5.1,252726,12.1,12.4,11.8,
28/05/2018,11.8,4.94,397966,12.7,12.7,11.6,
25/05/2018,12.7,5.31,188587,12.8,12.9,12.5,
24/05/2018,12.8,5.35,117404,12.9,13,12.7,
23/05/2018,12.9,5.4,100020,12.8,12.9,12.7,
22/05/2018,12.8,5.35,637122,13.1,13.2,12.6,
21/05/2018,13.1,5.48,103238,13.3,13.4,13.1,
18/05/2018,13.4,5.61,117050,13.4,13.4,13.1,
17/05/2018,13.3,5.56,260502,13.5,13.6,13.3,
16/05/2018,13.6,5.69,114430,13.8,13.8,13.4,
15/05/2018,13.7,5.73,195266,13.6,14,13.4,
14/05/2018,13.4,5.61,206687,13,13.5,12.9,
11/05/2018,13,5.44,105337,13,13.1,12.8,
10/05/2018,13,5.44,151906,13.5,13.5,12.8,
09/05/2018,13.2,5.52,96530,13,13.2,12.9,
08/05/2018,13,5.44,142733,13.1,13.1,12.9,
07/05/2018,13.1,5.48,167050,12.9,13.3,12.9,
04/05/2018,12.9,5.4,125773,13.1,13.1,12.8,
03/05/2018,12.9,5.4,163504,13,13,12.7,
02/05/2018,13,5.44,80563,13.2,13.2,12.9,
27/04/2018,13.1,5.48,367575,12.6,13.5,12.6,
26/04/2018,12.6,5.27,237441,13.4,13.4,12.6,
24/04/2018,13.4,5.61,180530,13.5,13.5,13.1,
23/04/2018,13.5,5.65,311640,13.9,14,13,
20/04/2018,13.9,5.81,98298,13.8,13.9,13.6,
19/04/2018,13.7,5.73,194856,13.9,14,13.7,
18/04/2018,14,5.86,221934,14.2,14.2,13.9,
17/04/2018,14.1,5.9,126765,14,14.1,13.8,
16/04/2018,13.8,5.77,142460,14.3,14.3,13.8,
13/04/2018,14.2,5.94,330031,13.9,14.6,13.9,
12/04/2018,13.8,5.77,115309,13.7,13.8,13.5,
11/04/2018,13.8,5.77,258900,14,14.1,13.8,
10/04/2018,14,5.86,221024,14,14.2,13.9,
09/04/2018,14,5.86,230181,14.2,14.2,14,
06/04/2018,14.3,5.98,231899,14.5,14.5,14.2,
05/04/2018,14.5,6.07,84684,14,14.5,13.9,
04/04/2018,14,5.86,285330,14,14.3,13.9,
03/04/2018,13.9,5.81,225010,14.1,14.1,13.9,
02/04/2018,14.1,5.9,194227,14.3,14.3,14,
30/03/2018,14.3,5.98,164440,14,14.4,13.9,
29/03/2018,14,5.86,161120,14.2,14.2,14,
28/03/2018,14.2,5.94,184326,14.5,14.5,14.1,
27/03/2018,14.4,6.02,268312,14.6,15,14.4,
26/03/2018,14.5,6.07,183682,14,14.5,13.9,
23/03/2018,13.8,5.77,424809,14.2,14.2,13.5,
22/03/2018,14.2,5.94,503728,14.7,14.7,14.2,
21/03/2018,14.7,6.15,351460,15,15,14.7,
20/03/2018,15,6.27,217448,14.9,15,14.7,
19/03/2018,15,6.27,389405,15.4,15.4,15,
16/03/2018,15.4,6.44,348807,15.5,15.5,15.3,
15/03/2018,15.4,6.44,476350,15.2,15.5,15.1,
14/03/2018,15.2,6.36,596688,15.5,15.5,15.2,
13/03/2018,15.5,6.48,509335,15.3,15.6,15.1,
12/03/2018,15.3,6.4,331857,15.9,15.9,15.2,
09/03/2018,15.6,6.53,826230,16,16.5,15.6,
08/03/2018,15.8,6.61,665770,15.4,16,15.4,
07/03/2018,15.3,6.4,678550,16.1,16.1,15.2,
06/03/2018,15.9,6.65,762898,15.4,15.9,15.2,
05/03/2018,15.2,6.36,868743,16.7,17,15.2,
02/03/2018,16.7,6.99,932520,16.5,16.8,16,
01/03/2018,16.5,6.9,755072,16.7,17,16.3,
28/02/2018,16.9,7.07,1491019,15.7,16.9,15.4,
27/02/2018,15.8,6.61,505885,15.5,15.9,15.3,
26/02/2018,15.5,6.48,1196669,16.2,16.5,15.4,
23/02/2018,16.2,6.78,1098905,15.8,16.3,15.8,
22/02/2018,15.8,6.61,1605366,14.9,16.1,14.5,
21/02/2018,14.7,6.15,564114,14.2,14.7,14.1,
13/02/2018,14.1,5.9,122410,14,14.1,13.7,
12/02/2018,13.9,5.81,186280,13.5,13.9,13.5,
09/02/2018,13.4,5.61,473114,13,13.4,12.3,
08/02/2018,13.2,5.52,271191,13.3,13.4,13,
07/02/2018,13.1,5.48,629278,12.8,13.6,12.8,
06/02/2018,12.5,5.23,1056164,13,13,12,
05/02/2018,13.3,5.56,568442,14.6,14.6,13.3,
02/02/2018,14.7,6.15,180920,14.6,14.8,14.6,
01/02/2018,14.7,6.15,370710,15,15.3,14.7,
31/01/2018,15,6.27,563574,15.5,15.8,15,
30/01/2018,15.2,6.36,485951,15.1,15.4,14.8,
29/01/2018,15.1,6.32,819295,15.7,15.9,15.1,
26/01/2018,15.7,6.57,457443,16,16.2,15.6,
25/01/2018,15.7,6.57,1060903,16,16.5,15.6,
24/01/2018,15.9,6.65,1880461,15.3,16.2,15.1,
23/01/2018,15,6.27,411084,14.2,15.1,14.2,
22/01/2018,14.4,6.02,973828,15.1,15.1,14.3,
19/01/2018,15.1,6.32,643950,15.4,15.5,15,
18/01/2018,15.4,6.44,743006,15.3,15.5,14.8,
17/01/2018,15.3,6.4,1334349,15.6,16.3,15.3,
16/01/2018,15.6,6.53,959434,15.6,15.8,15.2,
15/01/2018,15.5,6.48,730881,15.5,15.5,14.9,
12/01/2018,15.1,6.32,898739,15.3,15.8,15.1,
11/01/2018,15.3,6.4,708450,15.4,15.4,15,
10/01/2018,15.4,6.44,2139575,14.8,15.6,14.8,
09/01/2018,14.8,6.19,1171399,14.2,14.8,13.9,
08/01/2018,14.1,5.9,372514,14,14.1,13.8,
05/01/2018,14.1,5.9,437204,14.2,14.3,13.9,
04/01/2018,14.2,5.94,762249,13.9,14.5,13.9,
03/01/2018,13.6,5.69,438844,14,14,13.6,
02/01/2018,14,5.86,425841,13.8,14,13.6,
